-- --------------------------------------------------------
-- Host:                         127.0.0.1
-- Server version:               11.6.2-MariaDB - mariadb.org binary distribution
-- Server OS:                    Win64
-- HeidiSQL Version:             12.8.0.6908
-- --------------------------------------------------------

/*!40101 SET @OLD_CHARACTER_SET_CLIENT=@@CHARACTER_SET_CLIENT */;
/*!40101 SET NAMES utf8 */;
/*!50503 SET NAMES utf8mb4 */;
/*!40103 SET @OLD_TIME_ZONE=@@TIME_ZONE */;
/*!40103 SET TIME_ZONE='+00:00' */;
/*!40014 SET @OLD_FOREIGN_KEY_CHECKS=@@FOREIGN_KEY_CHECKS, FOREIGN_KEY_CHECKS=0 */;
/*!40101 SET @OLD_SQL_MODE=@@SQL_MODE, SQL_MODE='NO_AUTO_VALUE_ON_ZERO' */;
/*!40111 SET @OLD_SQL_NOTES=@@SQL_NOTES, SQL_NOTES=0 */;

-- Dumping structure for table vibrandstudio2.clients
CREATE TABLE IF NOT EXISTS `clients` (
  `id` int(11) NOT NULL AUTO_INCREMENT,
  `name` varchar(100) NOT NULL,
  `email` varchar(100) DEFAULT NULL,
  `phone` varchar(20) DEFAULT NULL,
  `address` varchar(200) DEFAULT NULL,
  `client_type` enum('Corporate','Hospitality','Religious','Retail','NonProfit','Startup','ECommerce','Healthcare','PersonalBrand') DEFAULT NULL,
  `createdAt` datetime NOT NULL,
  `updatedAt` datetime NOT NULL,
  `image` varchar(255) DEFAULT 'default.png',
  PRIMARY KEY (`id`)
) ENGINE=InnoDB AUTO_INCREMENT=42 DEFAULT CHARSET=utf8mb4 COLLATE=utf8mb4_uca1400_ai_ci;

-- Dumping data for table vibrandstudio2.clients: ~39 rows (approximately)
INSERT INTO `clients` (`id`, `name`, `email`, `phone`, `address`, `client_type`, `createdAt`, `updatedAt`, `image`) VALUES
	(1, 'Vibrand', 'vibrand@example.com', '123-456-7926', 'Address 1', 'Startup', '2025-05-12 11:33:29', '2025-05-12 11:33:29', 'vibrand.webm'),
	(2, '7cs', '7cs@example.com', '123-456-7890', 'Address 2', NULL, '2025-05-12 11:33:29', '2025-05-12 11:33:29', '7cs.webm'),
	(3, 'Alefia', 'alefia@example.com', '123-456-7891', 'Address 3', NULL, '2025-05-12 11:33:29', '2025-05-12 11:33:29', 'Alefia.webm'),
	(4, 'Alphabet', 'alphabet@example.com', '123-456-7892', 'Address 4', 'ECommerce', '2025-05-12 11:33:29', '2025-05-12 11:33:29', 'Alphabet.webm'),
	(5, 'Animation', 'animation@example.com', '123-456-7893', 'Address 5', 'Startup', '2025-05-12 11:33:29', '2025-05-12 11:33:29', 'animation.webm'),
	(6, 'Astella', 'astella@example.com', '123-456-7894', 'Address 6', NULL, '2025-05-12 11:33:29', '2025-05-12 11:33:29', 'astella.webm'),
	(7, 'BARBARSoap', 'barbarsoap@example.com', '123-456-7895', 'Address 7', 'Retail', '2025-05-12 11:33:29', '2025-05-12 11:33:29', 'BARBARSoap.webm'),
	(8, 'BatrounVillage', 'batrounvillage@example.com', '123-456-7896', 'Address 8', 'Hospitality', '2025-05-12 11:33:29', '2025-05-12 11:33:29', 'batrounvillage.webm'),
	(9, 'Bkerke', 'bkerke@example.com', '123-456-7897', 'Address 9', 'Religious', '2025-05-12 11:33:29', '2025-05-12 11:33:29', 'bkerke.webm'),
	(10, 'BKERKEJEUNE', 'bkerkejeune@example.com', '123-456-7898', 'Address 10', 'Religious', '2025-05-12 11:33:29', '2025-05-12 11:33:29', 'BKERKEJEUNE.webm'),
	(11, 'BuildIts', 'buildits@example.com', '123-456-7899', 'Address 11', 'Corporate', '2025-05-12 11:33:29', '2025-05-12 11:33:29', 'buildits.webm'),
	(12, 'CastIron', 'castiron@example.com', '123-456-7900', 'Address 12', 'Retail', '2025-05-12 11:33:29', '2025-05-12 11:33:29', 'Castiron.webm'),
	(13, 'ChiaCatering', 'chiacatering@example.com', '123-456-7901', 'Address 13', 'Hospitality', '2025-05-12 11:33:29', '2025-05-12 11:33:29', 'chiacatering.webm'),
	(14, 'Citizen', 'citizen@example.com', '123-456-7902', 'Address 14', 'NonProfit', '2025-05-12 11:33:29', '2025-05-12 11:33:29', 'citizen.webm'),
	(15, 'Crushers', 'crushers@example.com', '123-456-7903', 'Address 15', NULL, '2025-05-12 11:33:29', '2025-05-12 11:33:29', 'Crushers.webm'),
	(16, 'FabroniaCatering', 'fabroniacatering@example.com', '123-456-7904', 'Address 16', 'Hospitality', '2025-05-12 11:33:29', '2025-05-12 11:33:29', 'fabroniaCATERING.webm'),
	(17, 'FabroniaCuisine', 'fabroniacuisine@example.com', '123-456-7905', 'Address 17', 'Hospitality', '2025-05-12 11:33:29', '2025-05-12 11:33:29', 'FabroniaCuisine.webm'),
	(18, 'HawerwrAmem', 'hawerwramem@example.com', '123-456-7906', 'Address 18', 'NonProfit', '2025-05-12 11:33:29', '2025-05-12 11:33:29', 'hawerwramem.webm'),
	(19, 'Hiwar', 'hiwar@example.com', '123-456-7907', 'Address 19', 'NonProfit', '2025-05-12 11:33:29', '2025-05-12 11:33:29', 'hiwar.webm'),
	(20, 'Hooboor', 'hooboor@example.com', '123-456-7908', 'Address 20', 'NonProfit', '2025-05-12 11:33:29', '2025-05-12 11:33:29', 'hooboor.webm'),
	(21, 'Lacazelle', 'lacazelle@example.com', '123-456-7909', 'Address 21', 'Retail', '2025-05-12 11:33:29', '2025-05-12 11:33:29', 'lacazelle.webm'),
	(22, 'LAMAR', 'lamar@example.com', '123-456-7910', 'Address 22', 'Retail', '2025-05-12 11:33:29', '2025-05-12 11:33:29', 'LAMAR.webm'),
	(23, 'LeMarche', 'lemarche@example.com', '123-456-7911', 'Address 23', 'Retail', '2025-05-12 11:33:29', '2025-05-12 11:33:29', 'lemarche.webm'),
	(24, 'LogoCyprus', 'logocyprus@example.com', '123-456-7912', 'Address 24', 'Corporate', '2025-05-12 11:33:29', '2025-05-12 11:33:29', 'logocyprus.webm'),
	(25, 'LPC', 'lpc@example.com', '123-456-7913', 'Address 25', 'Corporate', '2025-05-12 11:33:29', '2025-05-12 11:33:29', 'LPC.webm'),
	(26, 'Maktabra3awiyatlMar2a', 'maktabra3awiyatlmar2a@example.com', '123-456-7914', 'Address 26', 'NonProfit', '2025-05-12 11:33:29', '2025-05-12 11:33:29', 'maktabra3awiyatlMar2a.webm'),
	(27, 'Mamadounya', 'mamadounya@example.com', '123-456-7915', 'Address 27', 'Healthcare', '2025-05-12 11:33:29', '2025-05-12 11:33:29', 'mamadounya.webm'),
	(28, 'MartineIcons', 'martineicons@example.com', '123-456-7916', 'Address 28', 'PersonalBrand', '2025-05-12 11:33:29', '2025-05-12 11:33:29', 'MARTINEICONS.webm'),
	(29, 'Minalalblelalb', 'minalalblelalb@example.com', '123-456-7917', 'Address 29', 'Religious', '2025-05-12 11:33:29', '2025-05-12 11:33:29', 'minalalblelalb.webm'),
	(30, 'ParacetamourAnimation', 'paracetamouranimation@example.com', '123-456-7918', 'Address 30', 'Startup', '2025-05-12 11:33:29', '2025-05-12 11:33:29', 'paracetamouranimation .webm'),
	(31, 'Polanco', 'polanco@example.com', '123-456-7919', 'Address 31', 'Retail', '2025-05-12 11:33:29', '2025-05-12 11:33:29', 'Polanco.webm'),
	(32, 'Rays', 'rays@example.com', '123-456-7920', 'Address 32', 'Healthcare', '2025-05-12 11:33:29', '2025-05-12 11:33:29', 'rays.webm'),
	(33, 'SAWA', 'sawa@example.com', '123-456-7921', 'Address 33', 'NonProfit', '2025-05-12 11:33:29', '2025-05-12 11:33:29', 'SAWA.webm'),
	(34, 'SinodosKhasbelMar2a', 'sinodoskhasbelmar2a@example.com', '123-456-7922', 'Address 34', 'Religious', '2025-05-12 11:33:29', '2025-05-12 11:33:29', 'sinodoskhasbelmar2a.webm'),
	(35, 'SmartUpEducation', 'smartupeducation@example.com', '123-456-7923', 'Address 35', 'ECommerce', '2025-05-12 11:33:29', '2025-05-12 11:33:29', 'SmartUpeducation.webm'),
	(37, 'VAL', 'val@example.com', '123-456-7925', 'Address 37', NULL, '2025-05-12 11:33:29', '2025-05-12 11:33:29', 'VAL.webm'),
	(38, 'ViewLebanon', 'viewlebanon@example.com', '123-456-7927', 'Address 38', 'Healthcare', '2025-05-12 11:33:29', '2025-05-12 11:33:29', 'VIEWLEBANON.webm'),
	(39, 'WS', 'ws@example.com', '123-456-7928', 'Address 39', 'Corporate', '2025-05-12 11:33:29', '2025-05-12 11:33:29', 'WS.webm'),
	(40, 'HUSJ', NULL, NULL, NULL, NULL, '2025-05-12 23:24:31', '2025-05-12 23:24:32', 'default.png');

-- Dumping structure for table vibrandstudio2.contacts
CREATE TABLE IF NOT EXISTS `contacts` (
  `id` int(11) NOT NULL AUTO_INCREMENT,
  `client_id` int(11) DEFAULT NULL,
  `name` varchar(100) NOT NULL,
  `role` varchar(50) DEFAULT NULL,
  `email` varchar(100) DEFAULT NULL,
  `phone` varchar(20) DEFAULT NULL,
  `createdAt` datetime NOT NULL,
  `updatedAt` datetime NOT NULL,
  PRIMARY KEY (`id`),
  KEY `client_id` (`client_id`),
  CONSTRAINT `contacts_ibfk_1` FOREIGN KEY (`client_id`) REFERENCES `clients` (`id`)
) ENGINE=InnoDB AUTO_INCREMENT=43 DEFAULT CHARSET=utf8mb4 COLLATE=utf8mb4_uca1400_ai_ci;

-- Dumping data for table vibrandstudio2.contacts: ~26 rows (approximately)
INSERT INTO `contacts` (`id`, `client_id`, `name`, `role`, `email`, `phone`, `createdAt`, `updatedAt`) VALUES
	(17, 20, 'Carlos Reyes', 'Product Manager', 'carlos.reyes@lemarchedeco.com', '961-70123470', '2025-05-08 17:39:48', '2025-05-08 17:39:48'),
	(18, 20, 'Monica Alvarez', 'Customer Support', 'monica.alvarez@lemarchedeco.com', '961-70123471', '2025-05-08 17:39:48', '2025-05-08 17:39:48'),
	(19, 21, 'Olivia Martinez', 'Chief Financial Officer', 'olivia.martinez@laclereal.com', '33-12345680', '2025-05-08 17:39:48', '2025-05-08 17:39:48'),
	(20, 21, 'Victor Ramirez', 'Sales Executive', 'victor.ramirez@laclereal.com', '33-12345681', '2025-05-08 17:39:48', '2025-05-08 17:39:48'),
	(21, 22, 'Tariq Saleh', 'Event Manager', 'tariq.saleh@viewlebanon.com', '961-70123472', '2025-05-08 17:39:48', '2025-05-08 17:39:48'),
	(22, 22, 'Diana Kanaan', 'Client Relations', 'diana.kanaan@viewlebanon.com', '961-70123473', '2025-05-08 17:39:48', '2025-05-08 17:39:48'),
	(23, 23, 'Elias Khoury', 'Founder & CEO', 'elias.khoury@lightpop.com', '961-70123474', '2025-05-08 17:39:48', '2025-05-08 17:39:48'),
	(24, 23, 'Dana Sayegh', 'Marketing Executive', 'dana.sayegh@lightpop.com', '961-70123475', '2025-05-08 17:39:48', '2025-05-08 17:39:48'),
	(25, 24, 'Ziad Chahine', 'Managing Director', 'ziad.chahine@batrounvillage.com', '961-70123476', '2025-05-08 17:39:48', '2025-05-08 17:39:48'),
	(26, 24, 'Noor Jabbour', 'Operations Manager', 'noor.jabbour@batrounvillage.com', '961-70123477', '2025-05-08 17:39:48', '2025-05-08 17:39:48'),
	(27, 25, 'Jad Moussallem', 'CEO & Founder', 'jad.moussallem@astella.com', '961-70123478', '2025-05-08 17:39:48', '2025-05-08 17:39:48'),
	(28, 25, 'Lina Akiki', 'PR Specialist', 'lina.akiki@astella.com', '961-70123479', '2025-05-08 17:39:48', '2025-05-08 17:39:48'),
	(29, 26, 'Rami Saade', 'General Manager', 'rami.saade@alyasavillage.com', '961-70123480', '2025-05-08 17:39:48', '2025-05-08 17:39:48'),
	(30, 26, 'Sarah Zaki', 'Customer Relations', 'sarah.zaki@alyasavillage.com', '961-70123481', '2025-05-08 17:39:48', '2025-05-08 17:39:48'),
	(31, 27, 'Salim Haddad', 'Founder & CEO', 'salim.haddad@lamarevents.com', '961-70123482', '2025-05-08 17:39:48', '2025-05-08 17:39:48'),
	(32, 27, 'Tariq Jaber', 'Event Planner', 'tariq.jaber@lamarevents.com', '961-70123483', '2025-05-08 17:39:48', '2025-05-08 17:39:48'),
	(33, 28, 'Nadia Sfeir', 'Marketing Director', 'nadia.sfeir@alphabet.com', '961-70123484', '2025-05-08 17:39:48', '2025-05-08 17:39:48'),
	(34, 28, 'Ghada Abou Jaoude', 'Client Relations Manager', 'ghada.aboujaoude@alphabet.com', '961-70123485', '2025-05-08 17:39:48', '2025-05-08 17:39:48'),
	(35, 29, 'Hassan Zayed', 'Marketing Manager', 'hassan.zayed@husj.org', '961-70123486', '2025-05-08 17:39:48', '2025-05-08 17:39:48'),
	(36, 29, 'Hiba Nasser', 'Human Resources', 'hiba.nasser@husj.org', '961-70123487', '2025-05-08 17:39:48', '2025-05-08 17:39:48'),
	(37, 30, 'Samia Haddad', 'Executive Director', 'samia.haddad@sistersofthecross.org', '961-70123488', '2025-05-08 17:39:48', '2025-05-08 17:39:48'),
	(38, 30, 'Micheline Bitar', 'Outreach Coordinator', 'micheline.bitar@sistersofthecross.org', '961-70123489', '2025-05-08 17:39:48', '2025-05-08 17:39:48'),
	(39, 31, 'Ali Taha', 'Marketing Lead', 'ali.taha@dailypress.com', '961-70123490', '2025-05-08 17:39:48', '2025-05-08 17:39:48'),
	(40, 31, 'Rania Saade', 'Journalist', 'rania.saade@dailypress.com', '961-70123491', '2025-05-08 17:39:48', '2025-05-08 17:39:48'),
	(41, 32, 'Charbel Matar', 'Operations Manager', 'charbel.matar@bkerki.org', '961-70123492', '2025-05-08 17:39:48', '2025-05-08 17:39:48'),
	(42, 32, 'Mona Chahine', 'PR Manager', 'mona.chahine@bkerki.org', '961-70123493', '2025-05-08 17:39:48', '2025-05-08 17:39:48');

-- Dumping structure for table vibrandstudio2.employees
CREATE TABLE IF NOT EXISTS `employees` (
  `id` int(11) NOT NULL AUTO_INCREMENT,
  `name` varchar(100) NOT NULL,
  `password` varchar(100) NOT NULL,
  `first_name` varchar(30) NOT NULL,
  `father_name` varchar(30) DEFAULT NULL,
  `last_name` varchar(30) NOT NULL,
  `position` varchar(50) DEFAULT NULL,
  `email` varchar(100) DEFAULT NULL,
  `phone` varchar(20) DEFAULT NULL,
  `hire_date` date DEFAULT NULL,
  `info` text DEFAULT NULL,
  `createdAt` datetime NOT NULL,
  `updatedAt` datetime NOT NULL,
  PRIMARY KEY (`id`)
) ENGINE=InnoDB AUTO_INCREMENT=26 DEFAULT CHARSET=utf8mb4 COLLATE=utf8mb4_uca1400_ai_ci;

-- Dumping data for table vibrandstudio2.employees: ~12 rows (approximately)
INSERT INTO `employees` (`id`, `name`, `password`, `first_name`, `father_name`, `last_name`, `position`, `email`, `phone`, `hire_date`, `info`, `createdAt`, `updatedAt`) VALUES
	(14, 'John Doe', 'password123', 'John', 'Michael', 'Doe', 'Manager', 'john.doe@example.com', '123-456-7890', '2025-05-08', 'Experienced manager with a focus on project delivery.', '2025-05-08 17:33:05', '2025-05-08 17:33:05'),
	(15, 'Jane Smith', 'password456', 'Jane', 'Thomas', 'Smith', 'Developer', 'jane.smith@example.com', '987-654-3210', '2023-11-15', 'Full-stack developer with a passion for clean code and user interfaces.', '2025-05-08 17:33:05', '2025-05-08 17:33:05'),
	(16, 'Robert Brown', 'password789', 'Robert', 'Samuel', 'Brown', 'Designer', 'robert.brown@example.com', '555-123-4567', '2024-03-22', 'Creative designer focused on user experience and aesthetics.', '2025-05-08 17:33:05', '2025-05-08 17:33:05'),
	(17, 'Emily White', 'password321', 'Emily', 'David', 'White', 'HR Specialist', 'emily.white@example.com', '555-987-6543', '2022-07-19', 'Human resources professional skilled in recruitment and employee relations.', '2025-05-08 17:33:05', '2025-05-08 17:33:05'),
	(18, 'Michael Johnson', 'password654', 'Michael', 'George', 'Johnson', 'Sales Manager', 'michael.johnson@example.com', '555-555-5555', '2021-01-09', 'Sales manager with strong negotiation skills and client relations experience.', '2025-05-08 17:33:05', '2025-05-08 17:33:05'),
	(19, 'Alice Lee', 'password987', 'Alice', 'Nancy', 'Lee', 'Marketing Specialist', 'alice.lee@example.com', '555-234-5678', '2020-06-10', 'Marketing specialist focusing on digital campaigns and social media engagement.', '2025-05-08 17:33:05', '2025-05-08 17:33:05'),
	(20, 'Chris Green', 'password111', 'Chris', 'Andrew', 'Green', 'Customer Support', 'chris.green@example.com', '555-222-3333', '2023-03-14', 'Customer support professional with excellent problem-solving skills.', '2025-05-08 17:33:05', '2025-05-08 17:33:05'),
	(21, 'Sophia Black', 'password222', 'Sophia', 'Michael', 'Black', 'Product Manager', 'sophia.black@example.com', '555-345-6789', '2024-08-01', 'Product manager with extensive experience in launching new products.', '2025-05-08 17:33:05', '2025-05-08 17:33:05'),
	(22, 'Daniel King', 'password333', 'Daniel', 'Richard', 'King', 'Software Engineer', 'daniel.king@example.com', '555-456-7890', '2022-12-05', 'Software engineer specializing in backend development and performance optimization.', '2025-05-08 17:33:05', '2025-05-08 17:33:05'),
	(23, 'Isabella White', 'password444', 'Isabella', 'Edward', 'White', 'Data Analyst', 'isabella.white@example.com', '555-567-8901', '2021-09-10', 'Data analyst with expertise in statistical analysis and data visualization.', '2025-05-08 17:33:05', '2025-05-08 17:33:05'),
	(24, 'Henry Clark', 'password555', 'Henry', 'William', 'Clark', 'Business Analyst', 'henry.clark@example.com', '555-678-9012', '2020-05-16', 'Business analyst with a focus on process optimization and requirements gathering.', '2025-05-08 17:33:05', '2025-05-08 17:33:05'),
	(25, 'Charlotte Miller', 'password666', 'Charlotte', 'John', 'Miller', 'UX/UI Designer', 'charlotte.miller@example.com', '555-789-0123', '2019-11-23', 'UX/UI designer with a keen eye for user-centered design and prototyping.', '2025-05-08 17:33:05', '2025-05-08 17:33:05');

-- Dumping structure for table vibrandstudio2.milestones
CREATE TABLE IF NOT EXISTS `milestones` (
  `id` int(11) NOT NULL AUTO_INCREMENT,
  `project_id` int(11) NOT NULL,
  `name` varchar(50) NOT NULL,
  `description` varchar(200) DEFAULT NULL,
  `date` datetime DEFAULT '2025-05-23 00:00:00',
  `due_date` datetime DEFAULT '2025-05-23 00:00:00',
  `status` enum('Pending','In Progress','Completed') DEFAULT 'Pending',
  `createdAt` datetime NOT NULL,
  `updatedAt` datetime NOT NULL,
  PRIMARY KEY (`id`),
  KEY `project_id` (`project_id`),
  CONSTRAINT `milestones_ibfk_1` FOREIGN KEY (`project_id`) REFERENCES `projects` (`id`) ON DELETE NO ACTION ON UPDATE CASCADE
) ENGINE=InnoDB AUTO_INCREMENT=40 DEFAULT CHARSET=utf8mb4 COLLATE=utf8mb4_uca1400_ai_ci;

-- Dumping data for table vibrandstudio2.milestones: ~39 rows (approximately)
INSERT INTO `milestones` (`id`, `project_id`, `name`, `description`, `date`, `due_date`, `status`, `createdAt`, `updatedAt`) VALUES
	(1, 11, 'Initial Consultation', 'Meeting with client to discuss project scope and objectives', '2025-05-08 10:00:00', '2025-05-10 00:00:00', 'Pending', '2025-05-08 16:47:00', '2025-05-08 16:47:00'),
	(2, 11, 'Design Draft', 'Prepare initial design drafts for client feedback', '2025-05-12 09:00:00', '2025-05-15 00:00:00', 'In Progress', '2025-05-08 16:47:00', '2025-05-08 16:47:00'),
	(3, 11, 'Final Approval', 'Client approval for final design', '2025-05-18 10:00:00', '2025-05-20 00:00:00', 'Pending', '2025-05-08 16:47:00', '2025-05-08 16:47:00'),
	(4, 12, 'Campaign Strategy', 'Develop a comprehensive social media strategy', '2025-05-08 11:00:00', '2025-05-10 00:00:00', 'Pending', '2025-05-08 16:47:00', '2025-05-08 16:47:00'),
	(5, 12, 'Content Creation', 'Create engaging content for the campaign', '2025-05-12 09:00:00', '2025-05-14 00:00:00', 'In Progress', '2025-05-08 16:47:00', '2025-05-08 16:47:00'),
	(6, 12, 'Campaign Launch', 'Launch the campaign across all social media platforms', '2025-05-16 14:00:00', '2025-05-17 00:00:00', 'Pending', '2025-05-08 16:47:00', '2025-05-08 16:47:00'),
	(7, 13, 'Initial Concept', 'Discuss the concept and design direction with the client', '2025-05-08 10:00:00', '2025-05-09 00:00:00', 'Pending', '2025-05-08 16:47:00', '2025-05-08 16:47:00'),
	(8, 13, 'Design Draft', 'Prepare the initial product catalog design draft', '2025-05-12 09:00:00', '2025-05-14 00:00:00', 'In Progress', '2025-05-08 16:47:00', '2025-05-08 16:47:00'),
	(9, 13, 'Client Review', 'Send the design draft to the client for review', '2025-05-16 14:00:00', '2025-05-18 00:00:00', 'Pending', '2025-05-08 16:47:00', '2025-05-08 16:47:00'),
	(10, 13, 'Final Approval', 'Obtain final approval from the client for the catalog design', '2025-05-20 10:00:00', '2025-05-22 00:00:00', 'Pending', '2025-05-08 16:47:00', '2025-05-08 16:47:00'),
	(11, 14, 'Initial Brief', 'Discuss client requirements and specifications for brochures', '2025-05-08 09:00:00', '2025-05-10 00:00:00', 'Pending', '2025-05-08 16:47:00', '2025-05-08 16:47:00'),
	(12, 14, 'Design Draft', 'Create and present the first draft of property brochures', '2025-05-12 10:00:00', '2025-05-14 00:00:00', 'In Progress', '2025-05-08 16:47:00', '2025-05-08 16:47:00'),
	(13, 14, 'Final Review', 'Client reviews the brochure design and provides feedback', '2025-05-16 14:00:00', '2025-05-17 00:00:00', 'Pending', '2025-05-08 16:47:00', '2025-05-08 16:47:00'),
	(14, 14, 'Approval and Print', 'Get final approval and prepare brochures for print', '2025-05-20 09:00:00', '2025-05-22 00:00:00', 'Pending', '2025-05-08 16:47:00', '2025-05-08 16:47:00'),
	(15, 15, 'Initial Research', 'Conduct research to develop a marketing strategy', '2025-05-08 10:00:00', '2025-05-10 00:00:00', 'Pending', '2025-05-08 16:47:00', '2025-05-08 16:47:00'),
	(16, 15, 'Strategy Proposal', 'Prepare a proposal for the marketing strategy', '2025-05-12 09:00:00', '2025-05-14 00:00:00', 'In Progress', '2025-05-08 16:47:00', '2025-05-08 16:47:00'),
	(17, 15, 'Client Presentation', 'Present the strategy to the client for approval', '2025-05-16 14:00:00', '2025-05-18 00:00:00', 'Pending', '2025-05-08 16:47:00', '2025-05-08 16:47:00'),
	(18, 15, 'Implementation Plan', 'Create a detailed implementation plan based on the approved strategy', '2025-05-20 10:00:00', '2025-05-22 00:00:00', 'Pending', '2025-05-08 16:47:00', '2025-05-08 16:47:00'),
	(19, 16, 'Initial Consultation', 'Kick-off meeting with client to discuss redesign goals', '2025-05-08 10:00:00', '2025-05-09 00:00:00', 'Pending', '2025-05-08 16:47:00', '2025-05-08 16:47:00'),
	(20, 16, 'Wireframe Development', 'Develop and present wireframes for client feedback', '2025-05-12 09:00:00', '2025-05-14 00:00:00', 'In Progress', '2025-05-08 16:47:00', '2025-05-08 16:47:00'),
	(21, 16, 'Design Mockup', 'Prepare a full design mockup for client approval', '2025-05-16 10:00:00', '2025-05-18 00:00:00', 'Pending', '2025-05-08 16:47:00', '2025-05-08 16:47:00'),
	(22, 16, 'Final Development', 'Implement final design and start coding', '2025-05-20 09:00:00', '2025-05-22 00:00:00', 'Pending', '2025-05-08 16:47:00', '2025-05-08 16:47:00'),
	(23, 17, 'Market Research', 'Conduct market research to understand target audience', '2025-05-08 09:00:00', '2025-05-10 00:00:00', 'Pending', '2025-05-08 16:47:00', '2025-05-08 16:47:00'),
	(24, 17, 'Platform Selection', 'Choose e-commerce platform and finalize requirements', '2025-05-12 09:00:00', '2025-05-14 00:00:00', 'In Progress', '2025-05-08 16:47:00', '2025-05-08 16:47:00'),
	(25, 17, 'Store Design', 'Design and customize the online store', '2025-05-16 10:00:00', '2025-05-18 00:00:00', 'Pending', '2025-05-08 16:47:00', '2025-05-08 16:47:00'),
	(26, 17, 'Launch Campaign', 'Prepare marketing campaign and promotional material for launch', '2025-05-20 09:00:00', '2025-05-22 00:00:00', 'Pending', '2025-05-08 16:47:00', '2025-05-08 16:47:00'),
	(27, 18, 'App Concept', 'Define the core concept and user flow of the app', '2025-05-08 10:00:00', '2025-05-10 00:00:00', 'Pending', '2025-05-08 16:47:00', '2025-05-08 16:47:00'),
	(28, 18, 'UI/UX Design', 'Design the user interface and experience for the app', '2025-05-12 09:00:00', '2025-05-14 00:00:00', 'In Progress', '2025-05-08 16:47:00', '2025-05-08 16:47:00'),
	(29, 18, 'Beta Testing', 'Conduct initial beta testing with a select group of users', '2025-05-16 10:00:00', '2025-05-18 00:00:00', 'Pending', '2025-05-08 16:47:00', '2025-05-08 16:47:00'),
	(30, 18, 'App Launch', 'Launch the mobile app on app stores and promote it', '2025-05-20 09:00:00', '2025-05-22 00:00:00', 'Pending', '2025-05-08 16:47:00', '2025-05-08 16:47:00'),
	(31, 19, 'Brand Discovery', 'Conduct a workshop with client to understand brand values', '2025-05-08 09:00:00', '2025-05-10 00:00:00', 'Pending', '2025-05-08 16:47:00', '2025-05-08 16:47:00'),
	(32, 19, 'Logo Concepts', 'Develop and present multiple logo concepts to the client', '2025-05-12 09:00:00', '2025-05-14 00:00:00', 'In Progress', '2025-05-08 16:47:00', '2025-05-08 16:47:00'),
	(33, 19, 'Brand Style Guide', 'Create a comprehensive style guide for the brand', '2025-05-16 10:00:00', '2025-05-18 00:00:00', 'Pending', '2025-05-08 16:47:00', '2025-05-08 16:47:00'),
	(34, 19, 'Final Approval', 'Receive final approval from the client and prepare branding materials', '2025-05-20 10:00:00', '2025-05-22 00:00:00', 'Pending', '2025-05-08 16:47:00', '2025-05-08 16:47:00'),
	(35, 20, 'Requirements Gathering', 'Collect detailed requirements from the client and stakeholders', '2025-05-08 10:00:00', '2025-05-10 00:00:00', 'Pending', '2025-05-08 16:47:00', '2025-05-08 16:47:00'),
	(36, 20, 'System Architecture', 'Design the architecture for the web application', '2025-05-12 09:00:00', '2025-05-14 00:00:00', 'In Progress', '2025-05-08 16:47:00', '2025-05-08 16:47:00'),
	(37, 20, 'Frontend Development', 'Develop the frontend of the web application', '2025-05-16 10:00:00', '2025-05-18 00:00:00', 'Pending', '2025-05-08 16:47:00', '2025-05-08 16:47:00'),
	(38, 20, 'Backend Development', 'Develop the backend of the web application and integrate with frontend', '2025-05-20 09:00:00', '2025-05-22 00:00:00', 'Pending', '2025-05-08 16:47:00', '2025-05-08 16:47:00'),
	(39, 20, 'Testing & Deployment', 'Test the application and deploy it to production', '2025-05-24 10:00:00', '2025-05-26 00:00:00', 'Pending', '2025-05-08 16:47:00', '2025-05-08 16:47:00');

-- Dumping structure for table vibrandstudio2.projectcontact
CREATE TABLE IF NOT EXISTS `projectcontact` (
  `createdAt` datetime NOT NULL,
  `updatedAt` datetime NOT NULL,
  `ContactId` int(11) NOT NULL,
  `ProjectId` int(11) NOT NULL,
  PRIMARY KEY (`ContactId`,`ProjectId`),
  KEY `ProjectId` (`ProjectId`),
  CONSTRAINT `projectcontact_ibfk_1` FOREIGN KEY (`ContactId`) REFERENCES `contacts` (`id`) ON DELETE CASCADE ON UPDATE CASCADE,
  CONSTRAINT `projectcontact_ibfk_2` FOREIGN KEY (`ProjectId`) REFERENCES `projects` (`id`) ON DELETE CASCADE ON UPDATE CASCADE
) ENGINE=InnoDB DEFAULT CHARSET=utf8mb4 COLLATE=utf8mb4_uca1400_ai_ci;

-- Dumping data for table vibrandstudio2.projectcontact: ~30 rows (approximately)
INSERT INTO `projectcontact` (`createdAt`, `updatedAt`, `ContactId`, `ProjectId`) VALUES
	('2025-05-08 16:47:00', '2025-05-08 16:47:00', 17, 11),
	('2025-05-08 16:47:00', '2025-05-08 16:47:00', 17, 12),
	('2025-05-08 16:47:00', '2025-05-08 16:47:00', 18, 11),
	('2025-05-08 16:47:00', '2025-05-08 16:47:00', 18, 12),
	('2025-05-08 16:47:00', '2025-05-08 16:47:00', 19, 14),
	('2025-05-08 16:47:00', '2025-05-08 16:47:00', 20, 14),
	('2025-05-08 16:47:00', '2025-05-08 16:47:00', 21, 15),
	('2025-05-08 16:47:00', '2025-05-08 16:47:00', 22, 15),
	('2025-05-08 16:47:00', '2025-05-08 16:47:00', 23, 12),
	('2025-05-08 16:47:00', '2025-05-08 16:47:00', 23, 13),
	('2025-05-08 16:47:00', '2025-05-08 16:47:00', 24, 12),
	('2025-05-08 16:47:00', '2025-05-08 16:47:00', 24, 13),
	('2025-05-08 16:47:00', '2025-05-08 16:47:00', 25, 12),
	('2025-05-08 16:47:00', '2025-05-08 16:47:00', 26, 12),
	('2025-05-08 16:47:00', '2025-05-08 16:47:00', 27, 14),
	('2025-05-08 16:47:00', '2025-05-08 16:47:00', 28, 14),
	('2025-05-08 16:47:00', '2025-05-08 16:47:00', 29, 14),
	('2025-05-08 16:47:00', '2025-05-08 16:47:00', 30, 14),
	('2025-05-08 16:47:00', '2025-05-08 16:47:00', 31, 15),
	('2025-05-08 16:47:00', '2025-05-08 16:47:00', 32, 15),
	('2025-05-08 16:47:00', '2025-05-08 16:47:00', 33, 15),
	('2025-05-08 16:47:00', '2025-05-08 16:47:00', 34, 15),
	('2025-05-08 16:47:00', '2025-05-08 16:47:00', 35, 13),
	('2025-05-08 16:47:00', '2025-05-08 16:47:00', 36, 13),
	('2025-05-08 16:47:00', '2025-05-08 16:47:00', 37, 12),
	('2025-05-08 16:47:00', '2025-05-08 16:47:00', 38, 12),
	('2025-05-08 16:47:00', '2025-05-08 16:47:00', 39, 13),
	('2025-05-08 16:47:00', '2025-05-08 16:47:00', 40, 13),
	('2025-05-08 16:47:00', '2025-05-08 16:47:00', 41, 14),
	('2025-05-08 16:47:00', '2025-05-08 16:47:00', 42, 14);

-- Dumping structure for table vibrandstudio2.projectemployee
CREATE TABLE IF NOT EXISTS `projectemployee` (
  `createdAt` datetime NOT NULL,
  `updatedAt` datetime NOT NULL,
  `ProjectId` int(11) NOT NULL,
  `EmployeeId` int(11) NOT NULL,
  PRIMARY KEY (`ProjectId`,`EmployeeId`),
  KEY `EmployeeId` (`EmployeeId`),
  CONSTRAINT `projectemployee_ibfk_1` FOREIGN KEY (`ProjectId`) REFERENCES `projects` (`id`) ON DELETE CASCADE ON UPDATE CASCADE,
  CONSTRAINT `projectemployee_ibfk_2` FOREIGN KEY (`EmployeeId`) REFERENCES `employees` (`id`) ON DELETE CASCADE ON UPDATE CASCADE
) ENGINE=InnoDB DEFAULT CHARSET=utf8mb4 COLLATE=utf8mb4_uca1400_ai_ci;

-- Dumping data for table vibrandstudio2.projectemployee: ~112 rows (approximately)
INSERT INTO `projectemployee` (`createdAt`, `updatedAt`, `ProjectId`, `EmployeeId`) VALUES
	('2025-05-08 17:36:48', '2025-05-08 17:36:48', 11, 14),
	('2025-05-08 17:36:48', '2025-05-08 17:36:48', 11, 16),
	('2025-05-08 17:36:48', '2025-05-08 17:36:48', 11, 25),
	('2025-05-08 17:36:48', '2025-05-08 17:36:48', 12, 14),
	('2025-05-08 17:36:48', '2025-05-08 17:36:48', 12, 19),
	('2025-05-08 17:36:48', '2025-05-08 17:36:48', 12, 21),
	('2025-05-08 17:36:48', '2025-05-08 17:36:48', 13, 16),
	('2025-05-08 17:36:48', '2025-05-08 17:36:48', 13, 25),
	('2025-05-08 17:36:48', '2025-05-08 17:36:48', 14, 14),
	('2025-05-08 17:36:48', '2025-05-08 17:36:48', 14, 16),
	('2025-05-08 17:36:48', '2025-05-08 17:36:48', 14, 18),
	('2025-05-08 17:36:48', '2025-05-08 17:36:48', 15, 18),
	('2025-05-08 17:36:48', '2025-05-08 17:36:48', 15, 19),
	('2025-05-08 17:36:48', '2025-05-08 17:36:48', 15, 21),
	('2025-05-08 17:36:48', '2025-05-08 17:36:48', 16, 16),
	('2025-05-08 17:36:48', '2025-05-08 17:36:48', 16, 25),
	('2025-05-08 17:36:48', '2025-05-08 17:36:48', 17, 14),
	('2025-05-08 17:36:48', '2025-05-08 17:36:48', 17, 16),
	('2025-05-08 17:36:48', '2025-05-08 17:36:48', 17, 19),
	('2025-05-08 17:36:48', '2025-05-08 17:36:48', 17, 21),
	('2025-05-08 17:36:48', '2025-05-08 17:36:48', 18, 16),
	('2025-05-08 17:36:48', '2025-05-08 17:36:48', 18, 19),
	('2025-05-08 17:36:48', '2025-05-08 17:36:48', 18, 25),
	('2025-05-08 17:36:48', '2025-05-08 17:36:48', 19, 19),
	('2025-05-08 17:36:48', '2025-05-08 17:36:48', 19, 21),
	('2025-05-08 17:36:48', '2025-05-08 17:36:48', 20, 15),
	('2025-05-08 17:36:48', '2025-05-08 17:36:48', 20, 22),
	('2025-05-08 17:36:48', '2025-05-08 17:36:48', 20, 25),
	('2025-05-08 17:36:48', '2025-05-08 17:36:48', 21, 16),
	('2025-05-08 17:36:48', '2025-05-08 17:36:48', 21, 21),
	('2025-05-08 17:36:48', '2025-05-08 17:36:48', 21, 25),
	('2025-05-08 17:36:48', '2025-05-08 17:36:48', 22, 18),
	('2025-05-08 17:36:48', '2025-05-08 17:36:48', 22, 19),
	('2025-05-08 17:36:48', '2025-05-08 17:36:48', 23, 14),
	('2025-05-08 17:36:48', '2025-05-08 17:36:48', 23, 16),
	('2025-05-08 17:36:48', '2025-05-08 17:36:48', 23, 19),
	('2025-05-08 17:36:48', '2025-05-08 17:36:48', 24, 16),
	('2025-05-08 17:36:48', '2025-05-08 17:36:48', 24, 18),
	('2025-05-08 17:36:48', '2025-05-08 17:36:48', 25, 14),
	('2025-05-08 17:36:48', '2025-05-08 17:36:48', 25, 16),
	('2025-05-08 17:36:48', '2025-05-08 17:36:48', 25, 19),
	('2025-05-08 17:36:49', '2025-05-08 17:36:49', 26, 16),
	('2025-05-08 17:36:49', '2025-05-08 17:36:49', 26, 25),
	('2025-05-08 17:36:49', '2025-05-08 17:36:49', 27, 14),
	('2025-05-08 17:36:49', '2025-05-08 17:36:49', 27, 16),
	('2025-05-08 17:36:49', '2025-05-08 17:36:49', 27, 21),
	('2025-05-08 17:36:49', '2025-05-08 17:36:49', 27, 25),
	('2025-05-08 17:36:49', '2025-05-08 17:36:49', 28, 16),
	('2025-05-08 17:36:49', '2025-05-08 17:36:49', 28, 19),
	('2025-05-08 17:36:49', '2025-05-08 17:36:49', 29, 14),
	('2025-05-08 17:36:49', '2025-05-08 17:36:49', 29, 15),
	('2025-05-08 17:36:49', '2025-05-08 17:36:49', 29, 22),
	('2025-05-08 17:36:49', '2025-05-08 17:36:49', 29, 25),
	('2025-05-08 17:36:49', '2025-05-08 17:36:49', 30, 16),
	('2025-05-08 17:36:49', '2025-05-08 17:36:49', 30, 19),
	('2025-05-08 17:36:49', '2025-05-08 17:36:49', 30, 21),
	('2025-05-08 17:36:49', '2025-05-08 17:36:49', 31, 18),
	('2025-05-08 17:36:49', '2025-05-08 17:36:49', 31, 19),
	('2025-05-08 17:36:49', '2025-05-08 17:36:49', 31, 21),
	('2025-05-08 17:36:49', '2025-05-08 17:36:49', 32, 16),
	('2025-05-08 17:36:49', '2025-05-08 17:36:49', 32, 18),
	('2025-05-08 17:36:49', '2025-05-08 17:36:49', 33, 19),
	('2025-05-08 17:36:49', '2025-05-08 17:36:49', 33, 21),
	('2025-05-08 17:36:49', '2025-05-08 17:36:49', 34, 16),
	('2025-05-08 17:36:49', '2025-05-08 17:36:49', 34, 18),
	('2025-05-08 17:36:49', '2025-05-08 17:36:49', 34, 19),
	('2025-05-08 17:36:49', '2025-05-08 17:36:49', 35, 16),
	('2025-05-08 17:36:49', '2025-05-08 17:36:49', 35, 25),
	('2025-05-08 17:36:49', '2025-05-08 17:36:49', 36, 14),
	('2025-05-08 17:36:49', '2025-05-08 17:36:49', 36, 16),
	('2025-05-08 17:36:49', '2025-05-08 17:36:49', 36, 21),
	('2025-05-08 17:36:49', '2025-05-08 17:36:49', 37, 16),
	('2025-05-08 17:36:49', '2025-05-08 17:36:49', 37, 18),
	('2025-05-08 17:36:49', '2025-05-08 17:36:49', 37, 19),
	('2025-05-08 17:36:49', '2025-05-08 17:36:49', 38, 14),
	('2025-05-08 17:36:49', '2025-05-08 17:36:49', 38, 15),
	('2025-05-08 17:36:49', '2025-05-08 17:36:49', 38, 22),
	('2025-05-08 17:36:49', '2025-05-08 17:36:49', 38, 25),
	('2025-05-08 17:36:49', '2025-05-08 17:36:49', 39, 16),
	('2025-05-08 17:36:49', '2025-05-08 17:36:49', 39, 19),
	('2025-05-08 17:36:49', '2025-05-08 17:36:49', 39, 21),
	('2025-05-08 17:36:49', '2025-05-08 17:36:49', 40, 16),
	('2025-05-08 17:36:49', '2025-05-08 17:36:49', 40, 23),
	('2025-05-08 17:36:49', '2025-05-08 17:36:49', 40, 24),
	('2025-05-08 17:36:49', '2025-05-08 17:36:49', 41, 15),
	('2025-05-08 17:36:49', '2025-05-08 17:36:49', 41, 22),
	('2025-05-08 17:36:49', '2025-05-08 17:36:49', 41, 25),
	('2025-05-08 17:36:49', '2025-05-08 17:36:49', 42, 14),
	('2025-05-08 17:36:49', '2025-05-08 17:36:49', 42, 16),
	('2025-05-08 17:36:49', '2025-05-08 17:36:49', 42, 19),
	('2025-05-08 17:36:49', '2025-05-08 17:36:49', 43, 16),
	('2025-05-08 17:36:49', '2025-05-08 17:36:49', 43, 25),
	('2025-05-08 17:36:49', '2025-05-08 17:36:49', 44, 14),
	('2025-05-08 17:36:49', '2025-05-08 17:36:49', 44, 15),
	('2025-05-08 17:36:49', '2025-05-08 17:36:49', 44, 22),
	('2025-05-08 17:36:49', '2025-05-08 17:36:49', 44, 25),
	('2025-05-08 17:36:49', '2025-05-08 17:36:49', 45, 16),
	('2025-05-08 17:36:49', '2025-05-08 17:36:49', 45, 21),
	('2025-05-08 17:36:49', '2025-05-08 17:36:49', 45, 25),
	('2025-05-08 17:36:49', '2025-05-08 17:36:49', 46, 18),
	('2025-05-08 17:36:49', '2025-05-08 17:36:49', 46, 19),
	('2025-05-08 17:36:49', '2025-05-08 17:36:49', 46, 21),
	('2025-05-08 17:36:49', '2025-05-08 17:36:49', 47, 14),
	('2025-05-08 17:36:49', '2025-05-08 17:36:49', 47, 15),
	('2025-05-08 17:36:49', '2025-05-08 17:36:49', 47, 22),
	('2025-05-08 17:36:49', '2025-05-08 17:36:49', 47, 25),
	('2025-05-08 17:36:49', '2025-05-08 17:36:49', 48, 14),
	('2025-05-08 17:36:49', '2025-05-08 17:36:49', 48, 16),
	('2025-05-08 17:36:49', '2025-05-08 17:36:49', 48, 19),
	('2025-05-08 17:36:49', '2025-05-08 17:36:49', 49, 14),
	('2025-05-08 17:36:49', '2025-05-08 17:36:49', 49, 16),
	('2025-05-08 17:36:49', '2025-05-08 17:36:49', 49, 21);

-- Dumping structure for table vibrandstudio2.projects
CREATE TABLE IF NOT EXISTS `projects` (
  `id` int(11) NOT NULL AUTO_INCREMENT,
  `name` varchar(100) NOT NULL,
  `description` varchar(200) DEFAULT NULL,
  `client_id` int(11) DEFAULT NULL,
  `start_date` datetime DEFAULT '2025-05-23 00:00:00',
  `deadline` datetime DEFAULT '2025-05-23 00:00:00',
  `status` enum('Upcoming','Pending','In Progress','Completed') DEFAULT 'Pending',
  `overview` varchar(800) DEFAULT NULL,
  `files` varchar(800) DEFAULT NULL,
  `createdAt` datetime NOT NULL,
  `updatedAt` datetime NOT NULL,
  `image` varchar(255) DEFAULT 'default.png',
  PRIMARY KEY (`id`),
  KEY `client_id` (`client_id`),
  CONSTRAINT `projects_ibfk_1` FOREIGN KEY (`client_id`) REFERENCES `clients` (`id`),
  CONSTRAINT `projects_ibfk_10` FOREIGN KEY (`client_id`) REFERENCES `clients` (`id`),
  CONSTRAINT `projects_ibfk_100` FOREIGN KEY (`client_id`) REFERENCES `clients` (`id`),
  CONSTRAINT `projects_ibfk_101` FOREIGN KEY (`client_id`) REFERENCES `clients` (`id`),
  CONSTRAINT `projects_ibfk_102` FOREIGN KEY (`client_id`) REFERENCES `clients` (`id`),
  CONSTRAINT `projects_ibfk_103` FOREIGN KEY (`client_id`) REFERENCES `clients` (`id`),
  CONSTRAINT `projects_ibfk_104` FOREIGN KEY (`client_id`) REFERENCES `clients` (`id`),
  CONSTRAINT `projects_ibfk_105` FOREIGN KEY (`client_id`) REFERENCES `clients` (`id`),
  CONSTRAINT `projects_ibfk_106` FOREIGN KEY (`client_id`) REFERENCES `clients` (`id`),
  CONSTRAINT `projects_ibfk_107` FOREIGN KEY (`client_id`) REFERENCES `clients` (`id`),
  CONSTRAINT `projects_ibfk_108` FOREIGN KEY (`client_id`) REFERENCES `clients` (`id`),
  CONSTRAINT `projects_ibfk_109` FOREIGN KEY (`client_id`) REFERENCES `clients` (`id`),
  CONSTRAINT `projects_ibfk_11` FOREIGN KEY (`client_id`) REFERENCES `clients` (`id`),
  CONSTRAINT `projects_ibfk_110` FOREIGN KEY (`client_id`) REFERENCES `clients` (`id`),
  CONSTRAINT `projects_ibfk_111` FOREIGN KEY (`client_id`) REFERENCES `clients` (`id`),
  CONSTRAINT `projects_ibfk_112` FOREIGN KEY (`client_id`) REFERENCES `clients` (`id`),
  CONSTRAINT `projects_ibfk_113` FOREIGN KEY (`client_id`) REFERENCES `clients` (`id`),
  CONSTRAINT `projects_ibfk_114` FOREIGN KEY (`client_id`) REFERENCES `clients` (`id`),
  CONSTRAINT `projects_ibfk_115` FOREIGN KEY (`client_id`) REFERENCES `clients` (`id`),
  CONSTRAINT `projects_ibfk_116` FOREIGN KEY (`client_id`) REFERENCES `clients` (`id`),
  CONSTRAINT `projects_ibfk_117` FOREIGN KEY (`client_id`) REFERENCES `clients` (`id`),
  CONSTRAINT `projects_ibfk_118` FOREIGN KEY (`client_id`) REFERENCES `clients` (`id`),
  CONSTRAINT `projects_ibfk_119` FOREIGN KEY (`client_id`) REFERENCES `clients` (`id`),
  CONSTRAINT `projects_ibfk_12` FOREIGN KEY (`client_id`) REFERENCES `clients` (`id`),
  CONSTRAINT `projects_ibfk_120` FOREIGN KEY (`client_id`) REFERENCES `clients` (`id`),
  CONSTRAINT `projects_ibfk_121` FOREIGN KEY (`client_id`) REFERENCES `clients` (`id`),
  CONSTRAINT `projects_ibfk_122` FOREIGN KEY (`client_id`) REFERENCES `clients` (`id`),
  CONSTRAINT `projects_ibfk_123` FOREIGN KEY (`client_id`) REFERENCES `clients` (`id`),
  CONSTRAINT `projects_ibfk_124` FOREIGN KEY (`client_id`) REFERENCES `clients` (`id`),
  CONSTRAINT `projects_ibfk_125` FOREIGN KEY (`client_id`) REFERENCES `clients` (`id`),
  CONSTRAINT `projects_ibfk_126` FOREIGN KEY (`client_id`) REFERENCES `clients` (`id`),
  CONSTRAINT `projects_ibfk_127` FOREIGN KEY (`client_id`) REFERENCES `clients` (`id`),
  CONSTRAINT `projects_ibfk_128` FOREIGN KEY (`client_id`) REFERENCES `clients` (`id`),
  CONSTRAINT `projects_ibfk_129` FOREIGN KEY (`client_id`) REFERENCES `clients` (`id`),
  CONSTRAINT `projects_ibfk_13` FOREIGN KEY (`client_id`) REFERENCES `clients` (`id`),
  CONSTRAINT `projects_ibfk_130` FOREIGN KEY (`client_id`) REFERENCES `clients` (`id`),
  CONSTRAINT `projects_ibfk_131` FOREIGN KEY (`client_id`) REFERENCES `clients` (`id`),
  CONSTRAINT `projects_ibfk_132` FOREIGN KEY (`client_id`) REFERENCES `clients` (`id`),
  CONSTRAINT `projects_ibfk_133` FOREIGN KEY (`client_id`) REFERENCES `clients` (`id`),
  CONSTRAINT `projects_ibfk_134` FOREIGN KEY (`client_id`) REFERENCES `clients` (`id`),
  CONSTRAINT `projects_ibfk_135` FOREIGN KEY (`client_id`) REFERENCES `clients` (`id`),
  CONSTRAINT `projects_ibfk_136` FOREIGN KEY (`client_id`) REFERENCES `clients` (`id`),
  CONSTRAINT `projects_ibfk_137` FOREIGN KEY (`client_id`) REFERENCES `clients` (`id`),
  CONSTRAINT `projects_ibfk_138` FOREIGN KEY (`client_id`) REFERENCES `clients` (`id`),
  CONSTRAINT `projects_ibfk_139` FOREIGN KEY (`client_id`) REFERENCES `clients` (`id`),
  CONSTRAINT `projects_ibfk_14` FOREIGN KEY (`client_id`) REFERENCES `clients` (`id`),
  CONSTRAINT `projects_ibfk_140` FOREIGN KEY (`client_id`) REFERENCES `clients` (`id`),
  CONSTRAINT `projects_ibfk_141` FOREIGN KEY (`client_id`) REFERENCES `clients` (`id`),
  CONSTRAINT `projects_ibfk_142` FOREIGN KEY (`client_id`) REFERENCES `clients` (`id`),
  CONSTRAINT `projects_ibfk_143` FOREIGN KEY (`client_id`) REFERENCES `clients` (`id`),
  CONSTRAINT `projects_ibfk_144` FOREIGN KEY (`client_id`) REFERENCES `clients` (`id`),
  CONSTRAINT `projects_ibfk_145` FOREIGN KEY (`client_id`) REFERENCES `clients` (`id`),
  CONSTRAINT `projects_ibfk_146` FOREIGN KEY (`client_id`) REFERENCES `clients` (`id`),
  CONSTRAINT `projects_ibfk_147` FOREIGN KEY (`client_id`) REFERENCES `clients` (`id`),
  CONSTRAINT `projects_ibfk_148` FOREIGN KEY (`client_id`) REFERENCES `clients` (`id`),
  CONSTRAINT `projects_ibfk_149` FOREIGN KEY (`client_id`) REFERENCES `clients` (`id`),
  CONSTRAINT `projects_ibfk_15` FOREIGN KEY (`client_id`) REFERENCES `clients` (`id`),
  CONSTRAINT `projects_ibfk_150` FOREIGN KEY (`client_id`) REFERENCES `clients` (`id`),
  CONSTRAINT `projects_ibfk_151` FOREIGN KEY (`client_id`) REFERENCES `clients` (`id`),
  CONSTRAINT `projects_ibfk_152` FOREIGN KEY (`client_id`) REFERENCES `clients` (`id`),
  CONSTRAINT `projects_ibfk_153` FOREIGN KEY (`client_id`) REFERENCES `clients` (`id`),
  CONSTRAINT `projects_ibfk_154` FOREIGN KEY (`client_id`) REFERENCES `clients` (`id`),
  CONSTRAINT `projects_ibfk_155` FOREIGN KEY (`client_id`) REFERENCES `clients` (`id`),
  CONSTRAINT `projects_ibfk_156` FOREIGN KEY (`client_id`) REFERENCES `clients` (`id`),
  CONSTRAINT `projects_ibfk_157` FOREIGN KEY (`client_id`) REFERENCES `clients` (`id`),
  CONSTRAINT `projects_ibfk_158` FOREIGN KEY (`client_id`) REFERENCES `clients` (`id`),
  CONSTRAINT `projects_ibfk_159` FOREIGN KEY (`client_id`) REFERENCES `clients` (`id`),
  CONSTRAINT `projects_ibfk_16` FOREIGN KEY (`client_id`) REFERENCES `clients` (`id`),
  CONSTRAINT `projects_ibfk_160` FOREIGN KEY (`client_id`) REFERENCES `clients` (`id`),
  CONSTRAINT `projects_ibfk_161` FOREIGN KEY (`client_id`) REFERENCES `clients` (`id`),
  CONSTRAINT `projects_ibfk_162` FOREIGN KEY (`client_id`) REFERENCES `clients` (`id`),
  CONSTRAINT `projects_ibfk_163` FOREIGN KEY (`client_id`) REFERENCES `clients` (`id`),
  CONSTRAINT `projects_ibfk_164` FOREIGN KEY (`client_id`) REFERENCES `clients` (`id`),
  CONSTRAINT `projects_ibfk_165` FOREIGN KEY (`client_id`) REFERENCES `clients` (`id`),
  CONSTRAINT `projects_ibfk_166` FOREIGN KEY (`client_id`) REFERENCES `clients` (`id`),
  CONSTRAINT `projects_ibfk_167` FOREIGN KEY (`client_id`) REFERENCES `clients` (`id`),
  CONSTRAINT `projects_ibfk_168` FOREIGN KEY (`client_id`) REFERENCES `clients` (`id`),
  CONSTRAINT `projects_ibfk_169` FOREIGN KEY (`client_id`) REFERENCES `clients` (`id`),
  CONSTRAINT `projects_ibfk_17` FOREIGN KEY (`client_id`) REFERENCES `clients` (`id`),
  CONSTRAINT `projects_ibfk_170` FOREIGN KEY (`client_id`) REFERENCES `clients` (`id`),
  CONSTRAINT `projects_ibfk_171` FOREIGN KEY (`client_id`) REFERENCES `clients` (`id`),
  CONSTRAINT `projects_ibfk_172` FOREIGN KEY (`client_id`) REFERENCES `clients` (`id`),
  CONSTRAINT `projects_ibfk_173` FOREIGN KEY (`client_id`) REFERENCES `clients` (`id`),
  CONSTRAINT `projects_ibfk_174` FOREIGN KEY (`client_id`) REFERENCES `clients` (`id`),
  CONSTRAINT `projects_ibfk_175` FOREIGN KEY (`client_id`) REFERENCES `clients` (`id`),
  CONSTRAINT `projects_ibfk_176` FOREIGN KEY (`client_id`) REFERENCES `clients` (`id`),
  CONSTRAINT `projects_ibfk_177` FOREIGN KEY (`client_id`) REFERENCES `clients` (`id`),
  CONSTRAINT `projects_ibfk_178` FOREIGN KEY (`client_id`) REFERENCES `clients` (`id`),
  CONSTRAINT `projects_ibfk_179` FOREIGN KEY (`client_id`) REFERENCES `clients` (`id`),
  CONSTRAINT `projects_ibfk_18` FOREIGN KEY (`client_id`) REFERENCES `clients` (`id`),
  CONSTRAINT `projects_ibfk_180` FOREIGN KEY (`client_id`) REFERENCES `clients` (`id`),
  CONSTRAINT `projects_ibfk_181` FOREIGN KEY (`client_id`) REFERENCES `clients` (`id`),
  CONSTRAINT `projects_ibfk_182` FOREIGN KEY (`client_id`) REFERENCES `clients` (`id`),
  CONSTRAINT `projects_ibfk_183` FOREIGN KEY (`client_id`) REFERENCES `clients` (`id`),
  CONSTRAINT `projects_ibfk_184` FOREIGN KEY (`client_id`) REFERENCES `clients` (`id`),
  CONSTRAINT `projects_ibfk_185` FOREIGN KEY (`client_id`) REFERENCES `clients` (`id`),
  CONSTRAINT `projects_ibfk_186` FOREIGN KEY (`client_id`) REFERENCES `clients` (`id`),
  CONSTRAINT `projects_ibfk_187` FOREIGN KEY (`client_id`) REFERENCES `clients` (`id`),
  CONSTRAINT `projects_ibfk_188` FOREIGN KEY (`client_id`) REFERENCES `clients` (`id`),
  CONSTRAINT `projects_ibfk_189` FOREIGN KEY (`client_id`) REFERENCES `clients` (`id`),
  CONSTRAINT `projects_ibfk_19` FOREIGN KEY (`client_id`) REFERENCES `clients` (`id`),
  CONSTRAINT `projects_ibfk_190` FOREIGN KEY (`client_id`) REFERENCES `clients` (`id`),
  CONSTRAINT `projects_ibfk_191` FOREIGN KEY (`client_id`) REFERENCES `clients` (`id`),
  CONSTRAINT `projects_ibfk_192` FOREIGN KEY (`client_id`) REFERENCES `clients` (`id`),
  CONSTRAINT `projects_ibfk_193` FOREIGN KEY (`client_id`) REFERENCES `clients` (`id`),
  CONSTRAINT `projects_ibfk_194` FOREIGN KEY (`client_id`) REFERENCES `clients` (`id`),
  CONSTRAINT `projects_ibfk_195` FOREIGN KEY (`client_id`) REFERENCES `clients` (`id`),
  CONSTRAINT `projects_ibfk_196` FOREIGN KEY (`client_id`) REFERENCES `clients` (`id`),
  CONSTRAINT `projects_ibfk_197` FOREIGN KEY (`client_id`) REFERENCES `clients` (`id`),
  CONSTRAINT `projects_ibfk_198` FOREIGN KEY (`client_id`) REFERENCES `clients` (`id`),
  CONSTRAINT `projects_ibfk_199` FOREIGN KEY (`client_id`) REFERENCES `clients` (`id`),
  CONSTRAINT `projects_ibfk_2` FOREIGN KEY (`client_id`) REFERENCES `clients` (`id`),
  CONSTRAINT `projects_ibfk_20` FOREIGN KEY (`client_id`) REFERENCES `clients` (`id`),
  CONSTRAINT `projects_ibfk_200` FOREIGN KEY (`client_id`) REFERENCES `clients` (`id`),
  CONSTRAINT `projects_ibfk_201` FOREIGN KEY (`client_id`) REFERENCES `clients` (`id`),
  CONSTRAINT `projects_ibfk_202` FOREIGN KEY (`client_id`) REFERENCES `clients` (`id`),
  CONSTRAINT `projects_ibfk_203` FOREIGN KEY (`client_id`) REFERENCES `clients` (`id`),
  CONSTRAINT `projects_ibfk_204` FOREIGN KEY (`client_id`) REFERENCES `clients` (`id`),
  CONSTRAINT `projects_ibfk_205` FOREIGN KEY (`client_id`) REFERENCES `clients` (`id`),
  CONSTRAINT `projects_ibfk_206` FOREIGN KEY (`client_id`) REFERENCES `clients` (`id`),
  CONSTRAINT `projects_ibfk_207` FOREIGN KEY (`client_id`) REFERENCES `clients` (`id`),
  CONSTRAINT `projects_ibfk_208` FOREIGN KEY (`client_id`) REFERENCES `clients` (`id`),
  CONSTRAINT `projects_ibfk_209` FOREIGN KEY (`client_id`) REFERENCES `clients` (`id`),
  CONSTRAINT `projects_ibfk_21` FOREIGN KEY (`client_id`) REFERENCES `clients` (`id`),
  CONSTRAINT `projects_ibfk_210` FOREIGN KEY (`client_id`) REFERENCES `clients` (`id`),
  CONSTRAINT `projects_ibfk_211` FOREIGN KEY (`client_id`) REFERENCES `clients` (`id`),
  CONSTRAINT `projects_ibfk_212` FOREIGN KEY (`client_id`) REFERENCES `clients` (`id`),
  CONSTRAINT `projects_ibfk_213` FOREIGN KEY (`client_id`) REFERENCES `clients` (`id`),
  CONSTRAINT `projects_ibfk_214` FOREIGN KEY (`client_id`) REFERENCES `clients` (`id`),
  CONSTRAINT `projects_ibfk_215` FOREIGN KEY (`client_id`) REFERENCES `clients` (`id`),
  CONSTRAINT `projects_ibfk_216` FOREIGN KEY (`client_id`) REFERENCES `clients` (`id`),
  CONSTRAINT `projects_ibfk_217` FOREIGN KEY (`client_id`) REFERENCES `clients` (`id`),
  CONSTRAINT `projects_ibfk_218` FOREIGN KEY (`client_id`) REFERENCES `clients` (`id`),
  CONSTRAINT `projects_ibfk_219` FOREIGN KEY (`client_id`) REFERENCES `clients` (`id`),
  CONSTRAINT `projects_ibfk_22` FOREIGN KEY (`client_id`) REFERENCES `clients` (`id`),
  CONSTRAINT `projects_ibfk_220` FOREIGN KEY (`client_id`) REFERENCES `clients` (`id`),
  CONSTRAINT `projects_ibfk_221` FOREIGN KEY (`client_id`) REFERENCES `clients` (`id`),
  CONSTRAINT `projects_ibfk_222` FOREIGN KEY (`client_id`) REFERENCES `clients` (`id`),
  CONSTRAINT `projects_ibfk_223` FOREIGN KEY (`client_id`) REFERENCES `clients` (`id`),
  CONSTRAINT `projects_ibfk_224` FOREIGN KEY (`client_id`) REFERENCES `clients` (`id`),
  CONSTRAINT `projects_ibfk_225` FOREIGN KEY (`client_id`) REFERENCES `clients` (`id`),
  CONSTRAINT `projects_ibfk_226` FOREIGN KEY (`client_id`) REFERENCES `clients` (`id`),
  CONSTRAINT `projects_ibfk_227` FOREIGN KEY (`client_id`) REFERENCES `clients` (`id`),
  CONSTRAINT `projects_ibfk_228` FOREIGN KEY (`client_id`) REFERENCES `clients` (`id`),
  CONSTRAINT `projects_ibfk_229` FOREIGN KEY (`client_id`) REFERENCES `clients` (`id`),
  CONSTRAINT `projects_ibfk_23` FOREIGN KEY (`client_id`) REFERENCES `clients` (`id`),
  CONSTRAINT `projects_ibfk_230` FOREIGN KEY (`client_id`) REFERENCES `clients` (`id`),
  CONSTRAINT `projects_ibfk_231` FOREIGN KEY (`client_id`) REFERENCES `clients` (`id`),
  CONSTRAINT `projects_ibfk_232` FOREIGN KEY (`client_id`) REFERENCES `clients` (`id`),
  CONSTRAINT `projects_ibfk_233` FOREIGN KEY (`client_id`) REFERENCES `clients` (`id`),
  CONSTRAINT `projects_ibfk_234` FOREIGN KEY (`client_id`) REFERENCES `clients` (`id`),
  CONSTRAINT `projects_ibfk_235` FOREIGN KEY (`client_id`) REFERENCES `clients` (`id`),
  CONSTRAINT `projects_ibfk_236` FOREIGN KEY (`client_id`) REFERENCES `clients` (`id`),
  CONSTRAINT `projects_ibfk_237` FOREIGN KEY (`client_id`) REFERENCES `clients` (`id`),
  CONSTRAINT `projects_ibfk_238` FOREIGN KEY (`client_id`) REFERENCES `clients` (`id`),
  CONSTRAINT `projects_ibfk_239` FOREIGN KEY (`client_id`) REFERENCES `clients` (`id`),
  CONSTRAINT `projects_ibfk_24` FOREIGN KEY (`client_id`) REFERENCES `clients` (`id`),
  CONSTRAINT `projects_ibfk_240` FOREIGN KEY (`client_id`) REFERENCES `clients` (`id`),
  CONSTRAINT `projects_ibfk_241` FOREIGN KEY (`client_id`) REFERENCES `clients` (`id`),
  CONSTRAINT `projects_ibfk_242` FOREIGN KEY (`client_id`) REFERENCES `clients` (`id`),
  CONSTRAINT `projects_ibfk_243` FOREIGN KEY (`client_id`) REFERENCES `clients` (`id`),
  CONSTRAINT `projects_ibfk_244` FOREIGN KEY (`client_id`) REFERENCES `clients` (`id`),
  CONSTRAINT `projects_ibfk_245` FOREIGN KEY (`client_id`) REFERENCES `clients` (`id`),
  CONSTRAINT `projects_ibfk_246` FOREIGN KEY (`client_id`) REFERENCES `clients` (`id`),
  CONSTRAINT `projects_ibfk_247` FOREIGN KEY (`client_id`) REFERENCES `clients` (`id`),
  CONSTRAINT `projects_ibfk_248` FOREIGN KEY (`client_id`) REFERENCES `clients` (`id`),
  CONSTRAINT `projects_ibfk_249` FOREIGN KEY (`client_id`) REFERENCES `clients` (`id`),
  CONSTRAINT `projects_ibfk_25` FOREIGN KEY (`client_id`) REFERENCES `clients` (`id`),
  CONSTRAINT `projects_ibfk_250` FOREIGN KEY (`client_id`) REFERENCES `clients` (`id`),
  CONSTRAINT `projects_ibfk_251` FOREIGN KEY (`client_id`) REFERENCES `clients` (`id`),
  CONSTRAINT `projects_ibfk_252` FOREIGN KEY (`client_id`) REFERENCES `clients` (`id`),
  CONSTRAINT `projects_ibfk_253` FOREIGN KEY (`client_id`) REFERENCES `clients` (`id`),
  CONSTRAINT `projects_ibfk_254` FOREIGN KEY (`client_id`) REFERENCES `clients` (`id`),
  CONSTRAINT `projects_ibfk_255` FOREIGN KEY (`client_id`) REFERENCES `clients` (`id`),
  CONSTRAINT `projects_ibfk_256` FOREIGN KEY (`client_id`) REFERENCES `clients` (`id`),
  CONSTRAINT `projects_ibfk_257` FOREIGN KEY (`client_id`) REFERENCES `clients` (`id`),
  CONSTRAINT `projects_ibfk_258` FOREIGN KEY (`client_id`) REFERENCES `clients` (`id`),
  CONSTRAINT `projects_ibfk_259` FOREIGN KEY (`client_id`) REFERENCES `clients` (`id`),
  CONSTRAINT `projects_ibfk_26` FOREIGN KEY (`client_id`) REFERENCES `clients` (`id`),
  CONSTRAINT `projects_ibfk_260` FOREIGN KEY (`client_id`) REFERENCES `clients` (`id`),
  CONSTRAINT `projects_ibfk_261` FOREIGN KEY (`client_id`) REFERENCES `clients` (`id`),
  CONSTRAINT `projects_ibfk_262` FOREIGN KEY (`client_id`) REFERENCES `clients` (`id`),
  CONSTRAINT `projects_ibfk_263` FOREIGN KEY (`client_id`) REFERENCES `clients` (`id`),
  CONSTRAINT `projects_ibfk_264` FOREIGN KEY (`client_id`) REFERENCES `clients` (`id`),
  CONSTRAINT `projects_ibfk_265` FOREIGN KEY (`client_id`) REFERENCES `clients` (`id`),
  CONSTRAINT `projects_ibfk_266` FOREIGN KEY (`client_id`) REFERENCES `clients` (`id`),
  CONSTRAINT `projects_ibfk_267` FOREIGN KEY (`client_id`) REFERENCES `clients` (`id`),
  CONSTRAINT `projects_ibfk_268` FOREIGN KEY (`client_id`) REFERENCES `clients` (`id`),
  CONSTRAINT `projects_ibfk_269` FOREIGN KEY (`client_id`) REFERENCES `clients` (`id`),
  CONSTRAINT `projects_ibfk_27` FOREIGN KEY (`client_id`) REFERENCES `clients` (`id`),
  CONSTRAINT `projects_ibfk_270` FOREIGN KEY (`client_id`) REFERENCES `clients` (`id`),
  CONSTRAINT `projects_ibfk_271` FOREIGN KEY (`client_id`) REFERENCES `clients` (`id`),
  CONSTRAINT `projects_ibfk_272` FOREIGN KEY (`client_id`) REFERENCES `clients` (`id`),
  CONSTRAINT `projects_ibfk_273` FOREIGN KEY (`client_id`) REFERENCES `clients` (`id`),
  CONSTRAINT `projects_ibfk_274` FOREIGN KEY (`client_id`) REFERENCES `clients` (`id`),
  CONSTRAINT `projects_ibfk_275` FOREIGN KEY (`client_id`) REFERENCES `clients` (`id`),
  CONSTRAINT `projects_ibfk_276` FOREIGN KEY (`client_id`) REFERENCES `clients` (`id`),
  CONSTRAINT `projects_ibfk_277` FOREIGN KEY (`client_id`) REFERENCES `clients` (`id`),
  CONSTRAINT `projects_ibfk_278` FOREIGN KEY (`client_id`) REFERENCES `clients` (`id`),
  CONSTRAINT `projects_ibfk_279` FOREIGN KEY (`client_id`) REFERENCES `clients` (`id`),
  CONSTRAINT `projects_ibfk_28` FOREIGN KEY (`client_id`) REFERENCES `clients` (`id`),
  CONSTRAINT `projects_ibfk_280` FOREIGN KEY (`client_id`) REFERENCES `clients` (`id`),
  CONSTRAINT `projects_ibfk_281` FOREIGN KEY (`client_id`) REFERENCES `clients` (`id`),
  CONSTRAINT `projects_ibfk_282` FOREIGN KEY (`client_id`) REFERENCES `clients` (`id`),
  CONSTRAINT `projects_ibfk_283` FOREIGN KEY (`client_id`) REFERENCES `clients` (`id`),
  CONSTRAINT `projects_ibfk_284` FOREIGN KEY (`client_id`) REFERENCES `clients` (`id`),
  CONSTRAINT `projects_ibfk_285` FOREIGN KEY (`client_id`) REFERENCES `clients` (`id`),
  CONSTRAINT `projects_ibfk_286` FOREIGN KEY (`client_id`) REFERENCES `clients` (`id`),
  CONSTRAINT `projects_ibfk_287` FOREIGN KEY (`client_id`) REFERENCES `clients` (`id`),
  CONSTRAINT `projects_ibfk_288` FOREIGN KEY (`client_id`) REFERENCES `clients` (`id`),
  CONSTRAINT `projects_ibfk_289` FOREIGN KEY (`client_id`) REFERENCES `clients` (`id`),
  CONSTRAINT `projects_ibfk_29` FOREIGN KEY (`client_id`) REFERENCES `clients` (`id`),
  CONSTRAINT `projects_ibfk_290` FOREIGN KEY (`client_id`) REFERENCES `clients` (`id`),
  CONSTRAINT `projects_ibfk_291` FOREIGN KEY (`client_id`) REFERENCES `clients` (`id`),
  CONSTRAINT `projects_ibfk_292` FOREIGN KEY (`client_id`) REFERENCES `clients` (`id`),
  CONSTRAINT `projects_ibfk_293` FOREIGN KEY (`client_id`) REFERENCES `clients` (`id`),
  CONSTRAINT `projects_ibfk_294` FOREIGN KEY (`client_id`) REFERENCES `clients` (`id`),
  CONSTRAINT `projects_ibfk_295` FOREIGN KEY (`client_id`) REFERENCES `clients` (`id`),
  CONSTRAINT `projects_ibfk_296` FOREIGN KEY (`client_id`) REFERENCES `clients` (`id`),
  CONSTRAINT `projects_ibfk_297` FOREIGN KEY (`client_id`) REFERENCES `clients` (`id`),
  CONSTRAINT `projects_ibfk_298` FOREIGN KEY (`client_id`) REFERENCES `clients` (`id`),
  CONSTRAINT `projects_ibfk_299` FOREIGN KEY (`client_id`) REFERENCES `clients` (`id`),
  CONSTRAINT `projects_ibfk_3` FOREIGN KEY (`client_id`) REFERENCES `clients` (`id`),
  CONSTRAINT `projects_ibfk_30` FOREIGN KEY (`client_id`) REFERENCES `clients` (`id`),
  CONSTRAINT `projects_ibfk_300` FOREIGN KEY (`client_id`) REFERENCES `clients` (`id`),
  CONSTRAINT `projects_ibfk_301` FOREIGN KEY (`client_id`) REFERENCES `clients` (`id`),
  CONSTRAINT `projects_ibfk_302` FOREIGN KEY (`client_id`) REFERENCES `clients` (`id`),
  CONSTRAINT `projects_ibfk_303` FOREIGN KEY (`client_id`) REFERENCES `clients` (`id`),
  CONSTRAINT `projects_ibfk_304` FOREIGN KEY (`client_id`) REFERENCES `clients` (`id`),
  CONSTRAINT `projects_ibfk_305` FOREIGN KEY (`client_id`) REFERENCES `clients` (`id`),
  CONSTRAINT `projects_ibfk_306` FOREIGN KEY (`client_id`) REFERENCES `clients` (`id`),
  CONSTRAINT `projects_ibfk_307` FOREIGN KEY (`client_id`) REFERENCES `clients` (`id`),
  CONSTRAINT `projects_ibfk_308` FOREIGN KEY (`client_id`) REFERENCES `clients` (`id`),
  CONSTRAINT `projects_ibfk_309` FOREIGN KEY (`client_id`) REFERENCES `clients` (`id`),
  CONSTRAINT `projects_ibfk_31` FOREIGN KEY (`client_id`) REFERENCES `clients` (`id`),
  CONSTRAINT `projects_ibfk_310` FOREIGN KEY (`client_id`) REFERENCES `clients` (`id`),
  CONSTRAINT `projects_ibfk_311` FOREIGN KEY (`client_id`) REFERENCES `clients` (`id`),
  CONSTRAINT `projects_ibfk_312` FOREIGN KEY (`client_id`) REFERENCES `clients` (`id`),
  CONSTRAINT `projects_ibfk_313` FOREIGN KEY (`client_id`) REFERENCES `clients` (`id`),
  CONSTRAINT `projects_ibfk_314` FOREIGN KEY (`client_id`) REFERENCES `clients` (`id`),
  CONSTRAINT `projects_ibfk_315` FOREIGN KEY (`client_id`) REFERENCES `clients` (`id`),
  CONSTRAINT `projects_ibfk_316` FOREIGN KEY (`client_id`) REFERENCES `clients` (`id`),
  CONSTRAINT `projects_ibfk_317` FOREIGN KEY (`client_id`) REFERENCES `clients` (`id`),
  CONSTRAINT `projects_ibfk_318` FOREIGN KEY (`client_id`) REFERENCES `clients` (`id`),
  CONSTRAINT `projects_ibfk_319` FOREIGN KEY (`client_id`) REFERENCES `clients` (`id`),
  CONSTRAINT `projects_ibfk_32` FOREIGN KEY (`client_id`) REFERENCES `clients` (`id`),
  CONSTRAINT `projects_ibfk_320` FOREIGN KEY (`client_id`) REFERENCES `clients` (`id`),
  CONSTRAINT `projects_ibfk_321` FOREIGN KEY (`client_id`) REFERENCES `clients` (`id`),
  CONSTRAINT `projects_ibfk_322` FOREIGN KEY (`client_id`) REFERENCES `clients` (`id`),
  CONSTRAINT `projects_ibfk_323` FOREIGN KEY (`client_id`) REFERENCES `clients` (`id`),
  CONSTRAINT `projects_ibfk_324` FOREIGN KEY (`client_id`) REFERENCES `clients` (`id`),
  CONSTRAINT `projects_ibfk_325` FOREIGN KEY (`client_id`) REFERENCES `clients` (`id`),
  CONSTRAINT `projects_ibfk_326` FOREIGN KEY (`client_id`) REFERENCES `clients` (`id`),
  CONSTRAINT `projects_ibfk_327` FOREIGN KEY (`client_id`) REFERENCES `clients` (`id`),
  CONSTRAINT `projects_ibfk_328` FOREIGN KEY (`client_id`) REFERENCES `clients` (`id`),
  CONSTRAINT `projects_ibfk_329` FOREIGN KEY (`client_id`) REFERENCES `clients` (`id`),
  CONSTRAINT `projects_ibfk_33` FOREIGN KEY (`client_id`) REFERENCES `clients` (`id`),
  CONSTRAINT `projects_ibfk_330` FOREIGN KEY (`client_id`) REFERENCES `clients` (`id`),
  CONSTRAINT `projects_ibfk_331` FOREIGN KEY (`client_id`) REFERENCES `clients` (`id`),
  CONSTRAINT `projects_ibfk_332` FOREIGN KEY (`client_id`) REFERENCES `clients` (`id`),
  CONSTRAINT `projects_ibfk_333` FOREIGN KEY (`client_id`) REFERENCES `clients` (`id`),
  CONSTRAINT `projects_ibfk_334` FOREIGN KEY (`client_id`) REFERENCES `clients` (`id`),
  CONSTRAINT `projects_ibfk_335` FOREIGN KEY (`client_id`) REFERENCES `clients` (`id`),
  CONSTRAINT `projects_ibfk_336` FOREIGN KEY (`client_id`) REFERENCES `clients` (`id`),
  CONSTRAINT `projects_ibfk_337` FOREIGN KEY (`client_id`) REFERENCES `clients` (`id`),
  CONSTRAINT `projects_ibfk_338` FOREIGN KEY (`client_id`) REFERENCES `clients` (`id`),
  CONSTRAINT `projects_ibfk_339` FOREIGN KEY (`client_id`) REFERENCES `clients` (`id`),
  CONSTRAINT `projects_ibfk_34` FOREIGN KEY (`client_id`) REFERENCES `clients` (`id`),
  CONSTRAINT `projects_ibfk_340` FOREIGN KEY (`client_id`) REFERENCES `clients` (`id`),
  CONSTRAINT `projects_ibfk_341` FOREIGN KEY (`client_id`) REFERENCES `clients` (`id`),
  CONSTRAINT `projects_ibfk_342` FOREIGN KEY (`client_id`) REFERENCES `clients` (`id`),
  CONSTRAINT `projects_ibfk_343` FOREIGN KEY (`client_id`) REFERENCES `clients` (`id`),
  CONSTRAINT `projects_ibfk_344` FOREIGN KEY (`client_id`) REFERENCES `clients` (`id`),
  CONSTRAINT `projects_ibfk_345` FOREIGN KEY (`client_id`) REFERENCES `clients` (`id`),
  CONSTRAINT `projects_ibfk_346` FOREIGN KEY (`client_id`) REFERENCES `clients` (`id`),
  CONSTRAINT `projects_ibfk_347` FOREIGN KEY (`client_id`) REFERENCES `clients` (`id`),
  CONSTRAINT `projects_ibfk_348` FOREIGN KEY (`client_id`) REFERENCES `clients` (`id`),
  CONSTRAINT `projects_ibfk_349` FOREIGN KEY (`client_id`) REFERENCES `clients` (`id`),
  CONSTRAINT `projects_ibfk_35` FOREIGN KEY (`client_id`) REFERENCES `clients` (`id`),
  CONSTRAINT `projects_ibfk_350` FOREIGN KEY (`client_id`) REFERENCES `clients` (`id`),
  CONSTRAINT `projects_ibfk_351` FOREIGN KEY (`client_id`) REFERENCES `clients` (`id`),
  CONSTRAINT `projects_ibfk_352` FOREIGN KEY (`client_id`) REFERENCES `clients` (`id`),
  CONSTRAINT `projects_ibfk_353` FOREIGN KEY (`client_id`) REFERENCES `clients` (`id`),
  CONSTRAINT `projects_ibfk_354` FOREIGN KEY (`client_id`) REFERENCES `clients` (`id`),
  CONSTRAINT `projects_ibfk_355` FOREIGN KEY (`client_id`) REFERENCES `clients` (`id`),
  CONSTRAINT `projects_ibfk_356` FOREIGN KEY (`client_id`) REFERENCES `clients` (`id`),
  CONSTRAINT `projects_ibfk_357` FOREIGN KEY (`client_id`) REFERENCES `clients` (`id`),
  CONSTRAINT `projects_ibfk_358` FOREIGN KEY (`client_id`) REFERENCES `clients` (`id`),
  CONSTRAINT `projects_ibfk_359` FOREIGN KEY (`client_id`) REFERENCES `clients` (`id`),
  CONSTRAINT `projects_ibfk_36` FOREIGN KEY (`client_id`) REFERENCES `clients` (`id`),
  CONSTRAINT `projects_ibfk_360` FOREIGN KEY (`client_id`) REFERENCES `clients` (`id`),
  CONSTRAINT `projects_ibfk_361` FOREIGN KEY (`client_id`) REFERENCES `clients` (`id`),
  CONSTRAINT `projects_ibfk_362` FOREIGN KEY (`client_id`) REFERENCES `clients` (`id`),
  CONSTRAINT `projects_ibfk_363` FOREIGN KEY (`client_id`) REFERENCES `clients` (`id`),
  CONSTRAINT `projects_ibfk_364` FOREIGN KEY (`client_id`) REFERENCES `clients` (`id`),
  CONSTRAINT `projects_ibfk_365` FOREIGN KEY (`client_id`) REFERENCES `clients` (`id`),
  CONSTRAINT `projects_ibfk_366` FOREIGN KEY (`client_id`) REFERENCES `clients` (`id`),
  CONSTRAINT `projects_ibfk_367` FOREIGN KEY (`client_id`) REFERENCES `clients` (`id`),
  CONSTRAINT `projects_ibfk_368` FOREIGN KEY (`client_id`) REFERENCES `clients` (`id`),
  CONSTRAINT `projects_ibfk_369` FOREIGN KEY (`client_id`) REFERENCES `clients` (`id`),
  CONSTRAINT `projects_ibfk_37` FOREIGN KEY (`client_id`) REFERENCES `clients` (`id`),
  CONSTRAINT `projects_ibfk_370` FOREIGN KEY (`client_id`) REFERENCES `clients` (`id`),
  CONSTRAINT `projects_ibfk_371` FOREIGN KEY (`client_id`) REFERENCES `clients` (`id`),
  CONSTRAINT `projects_ibfk_372` FOREIGN KEY (`client_id`) REFERENCES `clients` (`id`),
  CONSTRAINT `projects_ibfk_373` FOREIGN KEY (`client_id`) REFERENCES `clients` (`id`),
  CONSTRAINT `projects_ibfk_374` FOREIGN KEY (`client_id`) REFERENCES `clients` (`id`),
  CONSTRAINT `projects_ibfk_375` FOREIGN KEY (`client_id`) REFERENCES `clients` (`id`),
  CONSTRAINT `projects_ibfk_376` FOREIGN KEY (`client_id`) REFERENCES `clients` (`id`),
  CONSTRAINT `projects_ibfk_377` FOREIGN KEY (`client_id`) REFERENCES `clients` (`id`),
  CONSTRAINT `projects_ibfk_378` FOREIGN KEY (`client_id`) REFERENCES `clients` (`id`),
  CONSTRAINT `projects_ibfk_379` FOREIGN KEY (`client_id`) REFERENCES `clients` (`id`),
  CONSTRAINT `projects_ibfk_38` FOREIGN KEY (`client_id`) REFERENCES `clients` (`id`),
  CONSTRAINT `projects_ibfk_380` FOREIGN KEY (`client_id`) REFERENCES `clients` (`id`),
  CONSTRAINT `projects_ibfk_381` FOREIGN KEY (`client_id`) REFERENCES `clients` (`id`),
  CONSTRAINT `projects_ibfk_382` FOREIGN KEY (`client_id`) REFERENCES `clients` (`id`),
  CONSTRAINT `projects_ibfk_383` FOREIGN KEY (`client_id`) REFERENCES `clients` (`id`),
  CONSTRAINT `projects_ibfk_384` FOREIGN KEY (`client_id`) REFERENCES `clients` (`id`),
  CONSTRAINT `projects_ibfk_385` FOREIGN KEY (`client_id`) REFERENCES `clients` (`id`),
  CONSTRAINT `projects_ibfk_386` FOREIGN KEY (`client_id`) REFERENCES `clients` (`id`),
  CONSTRAINT `projects_ibfk_387` FOREIGN KEY (`client_id`) REFERENCES `clients` (`id`),
  CONSTRAINT `projects_ibfk_388` FOREIGN KEY (`client_id`) REFERENCES `clients` (`id`),
  CONSTRAINT `projects_ibfk_389` FOREIGN KEY (`client_id`) REFERENCES `clients` (`id`),
  CONSTRAINT `projects_ibfk_39` FOREIGN KEY (`client_id`) REFERENCES `clients` (`id`),
  CONSTRAINT `projects_ibfk_390` FOREIGN KEY (`client_id`) REFERENCES `clients` (`id`),
  CONSTRAINT `projects_ibfk_391` FOREIGN KEY (`client_id`) REFERENCES `clients` (`id`),
  CONSTRAINT `projects_ibfk_392` FOREIGN KEY (`client_id`) REFERENCES `clients` (`id`),
  CONSTRAINT `projects_ibfk_4` FOREIGN KEY (`client_id`) REFERENCES `clients` (`id`),
  CONSTRAINT `projects_ibfk_40` FOREIGN KEY (`client_id`) REFERENCES `clients` (`id`),
  CONSTRAINT `projects_ibfk_41` FOREIGN KEY (`client_id`) REFERENCES `clients` (`id`),
  CONSTRAINT `projects_ibfk_42` FOREIGN KEY (`client_id`) REFERENCES `clients` (`id`),
  CONSTRAINT `projects_ibfk_43` FOREIGN KEY (`client_id`) REFERENCES `clients` (`id`),
  CONSTRAINT `projects_ibfk_44` FOREIGN KEY (`client_id`) REFERENCES `clients` (`id`),
  CONSTRAINT `projects_ibfk_45` FOREIGN KEY (`client_id`) REFERENCES `clients` (`id`),
  CONSTRAINT `projects_ibfk_46` FOREIGN KEY (`client_id`) REFERENCES `clients` (`id`),
  CONSTRAINT `projects_ibfk_47` FOREIGN KEY (`client_id`) REFERENCES `clients` (`id`),
  CONSTRAINT `projects_ibfk_48` FOREIGN KEY (`client_id`) REFERENCES `clients` (`id`),
  CONSTRAINT `projects_ibfk_49` FOREIGN KEY (`client_id`) REFERENCES `clients` (`id`),
  CONSTRAINT `projects_ibfk_5` FOREIGN KEY (`client_id`) REFERENCES `clients` (`id`),
  CONSTRAINT `projects_ibfk_50` FOREIGN KEY (`client_id`) REFERENCES `clients` (`id`),
  CONSTRAINT `projects_ibfk_51` FOREIGN KEY (`client_id`) REFERENCES `clients` (`id`),
  CONSTRAINT `projects_ibfk_52` FOREIGN KEY (`client_id`) REFERENCES `clients` (`id`),
  CONSTRAINT `projects_ibfk_53` FOREIGN KEY (`client_id`) REFERENCES `clients` (`id`),
  CONSTRAINT `projects_ibfk_54` FOREIGN KEY (`client_id`) REFERENCES `clients` (`id`),
  CONSTRAINT `projects_ibfk_55` FOREIGN KEY (`client_id`) REFERENCES `clients` (`id`),
  CONSTRAINT `projects_ibfk_56` FOREIGN KEY (`client_id`) REFERENCES `clients` (`id`),
  CONSTRAINT `projects_ibfk_57` FOREIGN KEY (`client_id`) REFERENCES `clients` (`id`),
  CONSTRAINT `projects_ibfk_58` FOREIGN KEY (`client_id`) REFERENCES `clients` (`id`),
  CONSTRAINT `projects_ibfk_59` FOREIGN KEY (`client_id`) REFERENCES `clients` (`id`),
  CONSTRAINT `projects_ibfk_6` FOREIGN KEY (`client_id`) REFERENCES `clients` (`id`),
  CONSTRAINT `projects_ibfk_60` FOREIGN KEY (`client_id`) REFERENCES `clients` (`id`),
  CONSTRAINT `projects_ibfk_61` FOREIGN KEY (`client_id`) REFERENCES `clients` (`id`),
  CONSTRAINT `projects_ibfk_62` FOREIGN KEY (`client_id`) REFERENCES `clients` (`id`),
  CONSTRAINT `projects_ibfk_63` FOREIGN KEY (`client_id`) REFERENCES `clients` (`id`),
  CONSTRAINT `projects_ibfk_64` FOREIGN KEY (`client_id`) REFERENCES `clients` (`id`),
  CONSTRAINT `projects_ibfk_65` FOREIGN KEY (`client_id`) REFERENCES `clients` (`id`),
  CONSTRAINT `projects_ibfk_66` FOREIGN KEY (`client_id`) REFERENCES `clients` (`id`),
  CONSTRAINT `projects_ibfk_67` FOREIGN KEY (`client_id`) REFERENCES `clients` (`id`),
  CONSTRAINT `projects_ibfk_68` FOREIGN KEY (`client_id`) REFERENCES `clients` (`id`),
  CONSTRAINT `projects_ibfk_69` FOREIGN KEY (`client_id`) REFERENCES `clients` (`id`),
  CONSTRAINT `projects_ibfk_7` FOREIGN KEY (`client_id`) REFERENCES `clients` (`id`),
  CONSTRAINT `projects_ibfk_70` FOREIGN KEY (`client_id`) REFERENCES `clients` (`id`),
  CONSTRAINT `projects_ibfk_71` FOREIGN KEY (`client_id`) REFERENCES `clients` (`id`),
  CONSTRAINT `projects_ibfk_72` FOREIGN KEY (`client_id`) REFERENCES `clients` (`id`),
  CONSTRAINT `projects_ibfk_73` FOREIGN KEY (`client_id`) REFERENCES `clients` (`id`),
  CONSTRAINT `projects_ibfk_74` FOREIGN KEY (`client_id`) REFERENCES `clients` (`id`),
  CONSTRAINT `projects_ibfk_75` FOREIGN KEY (`client_id`) REFERENCES `clients` (`id`),
  CONSTRAINT `projects_ibfk_76` FOREIGN KEY (`client_id`) REFERENCES `clients` (`id`),
  CONSTRAINT `projects_ibfk_77` FOREIGN KEY (`client_id`) REFERENCES `clients` (`id`),
  CONSTRAINT `projects_ibfk_78` FOREIGN KEY (`client_id`) REFERENCES `clients` (`id`),
  CONSTRAINT `projects_ibfk_79` FOREIGN KEY (`client_id`) REFERENCES `clients` (`id`),
  CONSTRAINT `projects_ibfk_8` FOREIGN KEY (`client_id`) REFERENCES `clients` (`id`),
  CONSTRAINT `projects_ibfk_80` FOREIGN KEY (`client_id`) REFERENCES `clients` (`id`),
  CONSTRAINT `projects_ibfk_81` FOREIGN KEY (`client_id`) REFERENCES `clients` (`id`),
  CONSTRAINT `projects_ibfk_82` FOREIGN KEY (`client_id`) REFERENCES `clients` (`id`),
  CONSTRAINT `projects_ibfk_83` FOREIGN KEY (`client_id`) REFERENCES `clients` (`id`),
  CONSTRAINT `projects_ibfk_84` FOREIGN KEY (`client_id`) REFERENCES `clients` (`id`),
  CONSTRAINT `projects_ibfk_85` FOREIGN KEY (`client_id`) REFERENCES `clients` (`id`),
  CONSTRAINT `projects_ibfk_86` FOREIGN KEY (`client_id`) REFERENCES `clients` (`id`),
  CONSTRAINT `projects_ibfk_87` FOREIGN KEY (`client_id`) REFERENCES `clients` (`id`),
  CONSTRAINT `projects_ibfk_88` FOREIGN KEY (`client_id`) REFERENCES `clients` (`id`),
  CONSTRAINT `projects_ibfk_89` FOREIGN KEY (`client_id`) REFERENCES `clients` (`id`),
  CONSTRAINT `projects_ibfk_9` FOREIGN KEY (`client_id`) REFERENCES `clients` (`id`),
  CONSTRAINT `projects_ibfk_90` FOREIGN KEY (`client_id`) REFERENCES `clients` (`id`),
  CONSTRAINT `projects_ibfk_91` FOREIGN KEY (`client_id`) REFERENCES `clients` (`id`),
  CONSTRAINT `projects_ibfk_92` FOREIGN KEY (`client_id`) REFERENCES `clients` (`id`),
  CONSTRAINT `projects_ibfk_93` FOREIGN KEY (`client_id`) REFERENCES `clients` (`id`),
  CONSTRAINT `projects_ibfk_94` FOREIGN KEY (`client_id`) REFERENCES `clients` (`id`),
  CONSTRAINT `projects_ibfk_95` FOREIGN KEY (`client_id`) REFERENCES `clients` (`id`),
  CONSTRAINT `projects_ibfk_96` FOREIGN KEY (`client_id`) REFERENCES `clients` (`id`),
  CONSTRAINT `projects_ibfk_97` FOREIGN KEY (`client_id`) REFERENCES `clients` (`id`),
  CONSTRAINT `projects_ibfk_98` FOREIGN KEY (`client_id`) REFERENCES `clients` (`id`),
  CONSTRAINT `projects_ibfk_99` FOREIGN KEY (`client_id`) REFERENCES `clients` (`id`)
) ENGINE=InnoDB AUTO_INCREMENT=58 DEFAULT CHARSET=utf8mb4 COLLATE=utf8mb4_uca1400_ai_ci;

-- Dumping data for table vibrandstudio2.projects: ~45 rows (approximately)
INSERT INTO `projects` (`id`, `name`, `description`, `client_id`, `start_date`, `deadline`, `status`, `overview`, `files`, `createdAt`, `updatedAt`, `image`) VALUES
	(1, 'HUSJ website', 'website for hospital saint josepf', NULL, '2025-05-12 00:00:00', '2025-05-12 00:00:00', 'Pending', 'https://vibrandstudio.com/', 'https://drive.google.com/embeddedfolderview?id=13AUWaW1Oq1hMzWVDcYePPS_nuF19JwM_#grid', '2025-05-12 12:52:22', '2025-05-12 12:52:27', 'default.png'),
	(11, 'Brand Identity Redesign', 'Complete overhaul of brand identity for Le March de Dco', 20, '2024-02-15 00:00:00', '2024-04-15 00:00:00', 'Completed', 'https://vibrandstudio.com/', 'https://drive.google.com/embeddedfolderview?id=13AUWaW1Oq1hMzWVDcYePPS_nuF19JwM_#grid', '2025-05-08 16:46:15', '2025-05-08 16:46:15', NULL),
	(12, 'Social Media Campaign', 'Holiday season campaign for home decor products', 20, '2024-10-01 00:00:00', '2024-12-25 00:00:00', 'In Progress', 'https://vibrandstudio.com/', 'https://drive.google.com/embeddedfolderview?id=13AUWaW1Oq1hMzWVDcYePPS_nuF19JwM_#grid', '2025-05-08 16:46:15', '2025-05-08 16:46:15', NULL),
	(13, 'Product Catalog Design', 'Design and layout of seasonal product catalog', 20, '2024-07-01 00:00:00', '2024-08-15 00:00:00', 'Completed', 'https://vibrandstudio.com/', 'https://drive.google.com/embeddedfolderview?id=13AUWaW1Oq1hMzWVDcYePPS_nuF19JwM_#grid', '2025-05-08 16:46:15', '2025-05-08 16:46:15', NULL),
	(14, 'Property Brochures', 'Design of property brochures for luxury listings', 21, '2024-03-10 00:00:00', '2024-04-20 00:00:00', 'Completed', 'https://vibrandstudio.com/', 'https://drive.google.com/embeddedfolderview?id=13AUWaW1Oq1hMzWVDcYePPS_nuF19JwM_#grid', '2025-05-08 16:46:15', '2025-05-08 16:46:15', NULL),
	(15, 'Marketing Strategy Development', 'Comprehensive marketing strategy for regional expansion', 21, '2024-06-01 00:00:00', '2024-07-30 00:00:00', 'Completed', 'https://vibrandstudio.com/', 'https://drive.google.com/embeddedfolderview?id=13AUWaW1Oq1hMzWVDcYePPS_nuF19JwM_#grid', '2025-05-08 16:46:15', '2025-05-08 16:46:15', NULL),
	(16, 'Visual Identity Enhancement', 'Refinement of existing brand elements', 21, '2024-09-01 00:00:00', '2024-11-15 00:00:00', 'In Progress', 'https://vibrandstudio.com/', 'https://drive.google.com/embeddedfolderview?id=13AUWaW1Oq1hMzWVDcYePPS_nuF19JwM_#grid', '2025-05-08 16:46:15', '2025-05-08 16:46:15', NULL),
	(17, 'Tourism Campaign', 'National tourism promotion campaign', 22, '2024-01-15 00:00:00', '2024-05-01 00:00:00', 'Completed', 'https://vibrandstudio.com/', 'https://drive.google.com/embeddedfolderview?id=13AUWaW1Oq1hMzWVDcYePPS_nuF19JwM_#grid', '2025-05-08 16:46:15', '2025-05-08 16:46:15', NULL),
	(18, 'Travel Guidebook Design', 'Design and layout of Lebanon travel guide', 22, '2024-04-01 00:00:00', '2024-06-30 00:00:00', 'Completed', 'https://vibrandstudio.com/', 'https://drive.google.com/embeddedfolderview?id=13AUWaW1Oq1hMzWVDcYePPS_nuF19JwM_#grid', '2025-05-08 16:46:15', '2025-05-08 16:46:15', NULL),
	(19, 'Social Media Content Strategy', 'Year-long content strategy for social platforms', 22, '2024-08-01 00:00:00', '2025-01-15 00:00:00', 'In Progress', 'https://vibrandstudio.com/', 'https://drive.google.com/embeddedfolderview?id=13AUWaW1Oq1hMzWVDcYePPS_nuF19JwM_#grid', '2025-05-08 16:46:15', '2025-05-08 16:46:15', NULL),
	(20, 'Website Development', 'E-commerce website for snack products', 23, '2024-02-10 00:00:00', '2024-05-15 00:00:00', 'Completed', 'https://vibrandstudio.com/', 'https://drive.google.com/embeddedfolderview?id=13AUWaW1Oq1hMzWVDcYePPS_nuF19JwM_#grid', '2025-05-08 16:46:15', '2025-05-08 16:46:15', NULL),
	(21, 'Packaging Redesign', 'Refresh of product packaging for snack line', 23, '2024-06-15 00:00:00', '2024-08-30 00:00:00', 'Completed', 'https://vibrandstudio.com/', 'https://drive.google.com/embeddedfolderview?id=13AUWaW1Oq1hMzWVDcYePPS_nuF19JwM_#grid', '2025-05-08 16:46:15', '2025-05-08 16:46:15', NULL),
	(22, 'Digital Advertising Campaign', 'Multi-platform digital ad campaign', 23, '2024-09-15 00:00:00', '2024-12-15 00:00:00', 'In Progress', 'https://vibrandstudio.com/', 'https://drive.google.com/embeddedfolderview?id=13AUWaW1Oq1hMzWVDcYePPS_nuF19JwM_#grid', '2025-05-08 16:46:15', '2025-05-08 16:46:15', NULL),
	(23, 'Summer Event Materials', 'Design of promotional materials for summer events', 24, '2024-03-01 00:00:00', '2024-05-01 00:00:00', 'Completed', 'https://vibrandstudio.com/', 'https://drive.google.com/embeddedfolderview?id=13AUWaW1Oq1hMzWVDcYePPS_nuF19JwM_#grid', '2025-05-08 16:46:15', '2025-05-08 16:46:15', NULL),
	(24, 'Club Membership Brochure', 'Design of exclusive membership brochure', 24, '2024-06-01 00:00:00', '2024-07-15 00:00:00', 'Completed', 'https://vibrandstudio.com/', 'https://drive.google.com/embeddedfolderview?id=13AUWaW1Oq1hMzWVDcYePPS_nuF19JwM_#grid', '2025-05-08 16:46:15', '2025-05-08 16:46:15', NULL),
	(25, 'Resort Photography', 'Professional photography of facilities and amenities', 24, '2024-08-10 00:00:00', '2024-09-30 00:00:00', 'In Progress', 'https://vibrandstudio.com/', 'https://drive.google.com/embeddedfolderview?id=13AUWaW1Oq1hMzWVDcYePPS_nuF19JwM_#grid', '2025-05-08 16:46:15', '2025-05-08 16:46:15', NULL),
	(26, 'Theater Production Posters', 'Design of posters for upcoming theater season', 25, '2024-02-01 00:00:00', '2024-03-15 00:00:00', 'Completed', 'https://vibrandstudio.com/', 'https://drive.google.com/embeddedfolderview?id=13AUWaW1Oq1hMzWVDcYePPS_nuF19JwM_#grid', '2025-05-08 16:46:15', '2025-05-08 16:46:15', NULL),
	(27, 'Brand Identity Development', 'Creation of cohesive brand identity system', 25, '2024-04-01 00:00:00', '2024-06-15 00:00:00', 'Completed', 'https://vibrandstudio.com/', 'https://drive.google.com/embeddedfolderview?id=13AUWaW1Oq1hMzWVDcYePPS_nuF19JwM_#grid', '2025-05-08 16:46:15', '2025-05-08 16:46:15', NULL),
	(28, 'Marketing Collateral', 'Design of program booklets and promotional materials', 25, '2024-07-01 00:00:00', '2024-09-30 00:00:00', 'In Progress', 'https://vibrandstudio.com/', 'https://drive.google.com/embeddedfolderview?id=13AUWaW1Oq1hMzWVDcYePPS_nuF19JwM_#grid', '2025-05-08 16:46:15', '2025-05-08 16:46:15', NULL),
	(29, 'Website Redesign', 'Complete overhaul of resort website', 26, '2024-01-10 00:00:00', '2024-04-15 00:00:00', 'Completed', 'https://vibrandstudio.com/', 'https://drive.google.com/embeddedfolderview?id=13AUWaW1Oq1hMzWVDcYePPS_nuF19JwM_#grid', '2025-05-08 16:46:15', '2025-05-08 16:46:15', NULL),
	(30, 'Promotional Video', 'Creation of promotional video for the resort', 26, '2024-05-01 00:00:00', '2024-07-30 00:00:00', 'Completed', 'https://vibrandstudio.com/', 'https://drive.google.com/embeddedfolderview?id=13AUWaW1Oq1hMzWVDcYePPS_nuF19JwM_#grid', '2025-05-08 16:46:15', '2025-05-08 16:46:15', NULL),
	(31, 'Digital Marketing Campaign', 'Comprehensive digital marketing strategy and execution', 26, '2024-08-15 00:00:00', '2025-01-15 00:00:00', 'In Progress', 'https://vibrandstudio.com/', 'https://drive.google.com/embeddedfolderview?id=13AUWaW1Oq1hMzWVDcYePPS_nuF19JwM_#grid', '2025-05-08 16:46:15', '2025-05-08 16:46:15', NULL),
	(32, 'Venue Brochure', 'Design of comprehensive venue information package', 27, '2024-02-15 00:00:00', '2024-04-01 00:00:00', 'Completed', 'https://vibrandstudio.com/', 'https://drive.google.com/embeddedfolderview?id=13AUWaW1Oq1hMzWVDcYePPS_nuF19JwM_#grid', '2025-05-08 16:46:15', '2025-05-08 16:46:15', NULL),
	(33, 'Social Media Strategy', 'Development of content strategy for social platforms', 27, '2024-05-01 00:00:00', '2024-07-15 00:00:00', 'Completed', 'https://vibrandstudio.com/', 'https://drive.google.com/embeddedfolderview?id=13AUWaW1Oq1hMzWVDcYePPS_nuF19JwM_#grid', '2025-05-08 16:46:15', '2025-05-08 16:46:15', NULL),
	(34, 'Wedding Fair Materials', 'Design of exhibition materials for wedding expos', 27, '2024-09-01 00:00:00', '2024-11-15 00:00:00', 'Upcoming', 'https://vibrandstudio.com/', 'https://drive.google.com/embeddedfolderview?id=13AUWaW1Oq1hMzWVDcYePPS_nuF19JwM_#grid', '2025-05-08 16:46:15', '2025-05-08 16:46:15', NULL),
	(35, 'Catalog Design', 'Design of annual product catalog', 28, '2024-03-01 00:00:00', '2024-05-15 00:00:00', 'Completed', 'https://vibrandstudio.com/', 'https://drive.google.com/embeddedfolderview?id=13AUWaW1Oq1hMzWVDcYePPS_nuF19JwM_#grid', '2025-05-08 16:46:15', '2025-05-08 16:46:15', NULL),
	(36, 'Store Signage System', 'Design of in-store navigational signage', 28, '2024-06-15 00:00:00', '2024-08-30 00:00:00', 'Completed', 'https://vibrandstudio.com/', 'https://drive.google.com/embeddedfolderview?id=13AUWaW1Oq1hMzWVDcYePPS_nuF19JwM_#grid', '2025-05-08 16:46:15', '2025-05-08 16:46:15', NULL),
	(37, 'Back-to-School Campaign', 'Multi-channel campaign for seasonal sales', 28, '2024-07-15 00:00:00', '2024-09-15 00:00:00', 'In Progress', 'https://vibrandstudio.com/', 'https://drive.google.com/embeddedfolderview?id=13AUWaW1Oq1hMzWVDcYePPS_nuF19JwM_#grid', '2025-05-08 16:46:15', '2025-05-08 16:46:15', NULL),
	(38, 'Website Development', 'Creation of hospital website with patient portal', 29, '2024-01-15 00:00:00', '2024-05-30 00:00:00', 'Completed', 'https://vibrandstudio.com/', 'https://drive.google.com/embeddedfolderview?id=13AUWaW1Oq1hMzWVDcYePPS_nuF19JwM_#grid', '2025-05-08 16:46:16', '2025-05-08 16:46:16', NULL),
	(39, 'Health Awareness Campaign', 'Educational campaign for community health services', 29, '2024-06-01 00:00:00', '2024-08-15 00:00:00', 'Completed', 'https://vibrandstudio.com/', 'https://drive.google.com/embeddedfolderview?id=13AUWaW1Oq1hMzWVDcYePPS_nuF19JwM_#grid', '2025-05-08 16:46:16', '2025-05-08 16:46:16', NULL),
	(40, 'Annual Report Design', 'Design of 2024 annual report', 29, '2024-09-01 00:00:00', '2024-12-15 00:00:00', 'In Progress', 'https://vibrandstudio.com/', 'https://drive.google.com/embeddedfolderview?id=13AUWaW1Oq1hMzWVDcYePPS_nuF19JwM_#grid', '2025-05-08 16:46:16', '2025-05-08 16:46:16', NULL),
	(41, 'Website Development', 'Creation of organization website', 30, '2024-02-01 00:00:00', '2024-05-15 00:00:00', 'Completed', 'https://vibrandstudio.com/', 'https://drive.google.com/embeddedfolderview?id=13AUWaW1Oq1hMzWVDcYePPS_nuF19JwM_#grid', '2025-05-08 16:46:16', '2025-05-08 16:46:16', NULL),
	(42, 'Fundraising Campaign Materials', 'Design of fundraising campaign collateral', 30, '2024-06-01 00:00:00', '2024-08-30 00:00:00', 'Completed', 'https://vibrandstudio.com/', 'https://drive.google.com/embeddedfolderview?id=13AUWaW1Oq1hMzWVDcYePPS_nuF19JwM_#grid', '2025-05-08 16:46:16', '2025-05-08 16:46:16', NULL),
	(43, 'Newsletter Template Design', 'Design of monthly newsletter template', 30, '2024-09-15 00:00:00', '2024-11-01 00:00:00', 'In Progress', 'https://vibrandstudio.com/', 'https://drive.google.com/embeddedfolderview?id=13AUWaW1Oq1hMzWVDcYePPS_nuF19JwM_#grid', '2025-05-08 16:46:16', '2025-05-08 16:46:16', NULL),
	(44, 'E-commerce Website', 'Development of online bookstore', 31, '2024-01-10 00:00:00', '2024-04-30 00:00:00', 'Completed', 'https://vibrandstudio.com/', 'https://drive.google.com/embeddedfolderview?id=13AUWaW1Oq1hMzWVDcYePPS_nuF19JwM_#grid', '2025-05-08 16:46:16', '2025-05-08 16:46:16', NULL),
	(45, 'Brand Refresh', 'Modernization of brand identity', 31, '2024-05-15 00:00:00', '2024-07-30 00:00:00', 'Completed', 'https://vibrandstudio.com/', 'https://drive.google.com/embeddedfolderview?id=13AUWaW1Oq1hMzWVDcYePPS_nuF19JwM_#grid', '2025-05-08 16:46:16', '2025-05-08 16:46:16', NULL),
	(46, 'Digital Marketing Strategy', 'Development of omnichannel marketing approach', 31, '2024-08-01 00:00:00', '2024-11-30 00:00:00', 'In Progress', 'https://vibrandstudio.com/', 'https://drive.google.com/embeddedfolderview?id=13AUWaW1Oq1hMzWVDcYePPS_nuF19JwM_#grid', '2025-05-08 16:46:16', '2025-05-08 16:46:16', NULL),
	(47, 'Website Development', 'Creation of official patriarchate website', 32, '2024-01-20 00:00:00', '2024-05-01 00:00:00', 'Completed', 'https://vibrandstudio.com/', 'https://drive.google.com/embeddedfolderview?id=13AUWaW1Oq1hMzWVDcYePPS_nuF19JwM_#grid', '2025-05-08 16:46:16', '2025-05-08 16:46:16', NULL),
	(48, 'Event Communications', 'Design of materials for religious ceremonies and events', 32, '2024-06-01 00:00:00', '2024-08-15 00:00:00', 'Completed', 'https://vibrandstudio.com/', 'https://drive.google.com/embeddedfolderview?id=13AUWaW1Oq1hMzWVDcYePPS_nuF19JwM_#grid', '2025-05-08 16:46:16', '2025-05-08 16:46:16', NULL),
	(49, 'Documentary Production', 'Production of historical documentary', 32, '2024-09-01 00:00:00', '2025-03-01 00:00:00', 'Upcoming', 'https://vibrandstudio.com/', 'https://drive.google.com/embeddedfolderview?id=13AUWaW1Oq1hMzWVDcYePPS_nuF19JwM_#grid', '2025-05-08 16:46:16', '2025-05-08 16:46:16', NULL),
	(53, 'HUSJ', 'website for hospital saint josepf', 1, '2025-04-08 00:00:00', '2025-04-08 00:00:00', 'Pending', 'https://husj.vibrandstudio.com/', 'https://drive.google.com/embeddedfolderview?id=13AUWaW1Oq1hMzWVDcYePPS_nuF19JwM_#grid', '2025-05-11 11:48:18', '2025-05-11 11:48:18', 'default.png'),
	(54, 'Sisters of the cross website', 'Sisters of the cross website', 40, '2025-05-12 00:00:00', '2025-05-12 00:00:00', 'Pending', 'https://sistersofthecross.org.lb/web/', 'https://drive.google.com/embeddedfolderview?id=13AUWaW1Oq1hMzWVDcYePPS_nuF19JwM_#grid', '2025-05-12 23:23:51', '2025-05-12 23:23:52', 'default.png'),
	(55, 'Bkerki Website', 'Bkerki Website', 9, '2025-05-23 00:00:00', '2025-05-23 00:00:00', 'Pending', 'https://b.vibrandstudio.com/', 'https://drive.google.com/embeddedfolderview?id=13AUWaW1Oq1hMzWVDcYePPS_nuF19JwM_#grid', '2025-05-23 13:45:49', '2025-05-23 13:45:53', 'default.png'),
	(56, 'Alyassa village website', 'Alyassa village website', 5, '2025-05-23 00:00:00', '2025-05-23 00:00:00', 'Pending', 'https://www.alyasavillage.com/', 'https://drive.google.com/embeddedfolderview?id=13AUWaW1Oq1hMzWVDcYePPS_nuF19JwM_#grid', '2025-05-23 13:47:52', '2025-05-23 13:47:56', 'default.png'),
	(57, 'Light Pop chrispy website', 'Light Pop chrispy website', 25, '2025-05-23 00:00:00', '2025-05-23 00:00:00', 'Pending', 'https://lpc.vibrandstudio.com/', 'https://drive.google.com/embeddedfolderview?id=13AUWaW1Oq1hMzWVDcYePPS_nuF19JwM_#grid', '2025-05-23 13:48:18', '2025-05-23 13:48:19', 'default.png');

-- Dumping structure for table vibrandstudio2.projectservice
CREATE TABLE IF NOT EXISTS `projectservice` (
  `createdAt` datetime NOT NULL,
  `updatedAt` datetime NOT NULL,
  `ProjectId` int(11) NOT NULL,
  `ServiceId` int(11) NOT NULL,
  PRIMARY KEY (`ProjectId`,`ServiceId`),
  KEY `ServiceId` (`ServiceId`),
  CONSTRAINT `projectservice_ibfk_1` FOREIGN KEY (`ProjectId`) REFERENCES `projects` (`id`) ON DELETE CASCADE ON UPDATE CASCADE,
  CONSTRAINT `projectservice_ibfk_2` FOREIGN KEY (`ServiceId`) REFERENCES `services` (`id`) ON DELETE CASCADE ON UPDATE CASCADE
) ENGINE=InnoDB DEFAULT CHARSET=utf8mb4 COLLATE=utf8mb4_uca1400_ai_ci;

-- Dumping data for table vibrandstudio2.projectservice: ~72 rows (approximately)
INSERT INTO `projectservice` (`createdAt`, `updatedAt`, `ProjectId`, `ServiceId`) VALUES
	('2025-05-08 17:29:17', '2025-05-08 17:29:17', 11, 19),
	('2025-05-08 17:29:17', '2025-05-08 17:29:17', 11, 24),
	('2025-05-08 17:29:18', '2025-05-08 17:29:18', 12, 21),
	('2025-05-08 17:29:18', '2025-05-08 17:29:18', 12, 31),
	('2025-05-08 17:29:18', '2025-05-08 17:29:18', 13, 19),
	('2025-05-08 17:29:18', '2025-05-08 17:29:18', 14, 19),
	('2025-05-08 17:29:18', '2025-05-08 17:29:18', 15, 20),
	('2025-05-08 17:29:18', '2025-05-08 17:29:18', 16, 19),
	('2025-05-08 17:29:18', '2025-05-08 17:29:18', 16, 24),
	('2025-05-08 17:29:19', '2025-05-08 17:29:19', 17, 19),
	('2025-05-08 17:29:19', '2025-05-08 17:29:19', 17, 20),
	('2025-05-08 17:29:19', '2025-05-08 17:29:19', 17, 22),
	('2025-05-08 17:29:19', '2025-05-08 17:29:19', 18, 19),
	('2025-05-08 17:29:19', '2025-05-08 17:29:19', 19, 21),
	('2025-05-08 17:29:19', '2025-05-08 17:29:19', 19, 31),
	('2025-05-08 17:29:19', '2025-05-08 17:29:19', 20, 18),
	('2025-05-08 17:29:19', '2025-05-08 17:29:19', 20, 28),
	('2025-05-08 17:29:19', '2025-05-08 17:29:19', 21, 19),
	('2025-05-08 17:29:19', '2025-05-08 17:29:19', 21, 24),
	('2025-05-08 17:29:19', '2025-05-08 17:29:19', 22, 20),
	('2025-05-08 17:29:19', '2025-05-08 17:29:19', 22, 29),
	('2025-05-08 17:29:19', '2025-05-08 17:29:19', 23, 19),
	('2025-05-08 17:29:19', '2025-05-08 17:29:19', 24, 19),
	('2025-05-08 17:29:19', '2025-05-08 17:29:19', 25, 31),
	('2025-05-08 17:29:19', '2025-05-08 17:29:19', 26, 19),
	('2025-05-08 17:29:19', '2025-05-08 17:29:19', 27, 19),
	('2025-05-08 17:29:19', '2025-05-08 17:29:19', 27, 24),
	('2025-05-08 17:29:20', '2025-05-08 17:29:20', 28, 19),
	('2025-05-08 17:29:20', '2025-05-08 17:29:20', 28, 20),
	('2025-05-08 17:29:20', '2025-05-08 17:29:20', 29, 18),
	('2025-05-08 17:29:20', '2025-05-08 17:29:20', 29, 29),
	('2025-05-08 17:29:20', '2025-05-08 17:29:20', 29, 30),
	('2025-05-08 17:29:20', '2025-05-08 17:29:20', 30, 32),
	('2025-05-08 17:29:20', '2025-05-08 17:29:20', 31, 20),
	('2025-05-08 17:29:20', '2025-05-08 17:29:20', 31, 21),
	('2025-05-08 17:29:20', '2025-05-08 17:29:20', 31, 29),
	('2025-05-08 17:29:20', '2025-05-08 17:29:20', 32, 19),
	('2025-05-08 17:29:20', '2025-05-08 17:29:20', 33, 21),
	('2025-05-08 17:29:20', '2025-05-08 17:29:20', 34, 19),
	('2025-05-08 17:29:20', '2025-05-08 17:29:20', 34, 20),
	('2025-05-08 17:29:20', '2025-05-08 17:29:20', 35, 19),
	('2025-05-08 17:29:20', '2025-05-08 17:29:20', 36, 19),
	('2025-05-08 17:29:20', '2025-05-08 17:29:20', 36, 24),
	('2025-05-08 17:29:20', '2025-05-08 17:29:20', 37, 19),
	('2025-05-08 17:29:20', '2025-05-08 17:29:20', 37, 20),
	('2025-05-08 17:29:20', '2025-05-08 17:29:20', 37, 21),
	('2025-05-08 17:29:20', '2025-05-08 17:29:20', 38, 18),
	('2025-05-08 17:29:20', '2025-05-08 17:29:20', 38, 30),
	('2025-05-08 17:29:21', '2025-05-08 17:29:21', 39, 19),
	('2025-05-08 17:29:21', '2025-05-08 17:29:21', 39, 20),
	('2025-05-08 17:29:21', '2025-05-08 17:29:21', 39, 31),
	('2025-05-08 17:29:21', '2025-05-08 17:29:21', 40, 19),
	('2025-05-08 17:29:21', '2025-05-08 17:29:21', 41, 18),
	('2025-05-08 17:29:21', '2025-05-08 17:29:21', 41, 25),
	('2025-05-08 17:29:21', '2025-05-08 17:29:21', 42, 19),
	('2025-05-08 17:29:21', '2025-05-08 17:29:21', 42, 25),
	('2025-05-08 17:29:21', '2025-05-08 17:29:21', 43, 19),
	('2025-05-08 17:29:21', '2025-05-08 17:29:21', 43, 31),
	('2025-05-08 17:29:21', '2025-05-08 17:29:21', 44, 18),
	('2025-05-08 17:29:21', '2025-05-08 17:29:21', 44, 28),
	('2025-05-08 17:29:21', '2025-05-08 17:29:21', 44, 30),
	('2025-05-08 17:29:21', '2025-05-08 17:29:21', 45, 19),
	('2025-05-08 17:29:21', '2025-05-08 17:29:21', 45, 24),
	('2025-05-08 17:29:21', '2025-05-08 17:29:21', 46, 20),
	('2025-05-08 17:29:21', '2025-05-08 17:29:21', 46, 21),
	('2025-05-08 17:29:21', '2025-05-08 17:29:21', 46, 29),
	('2025-05-08 17:29:21', '2025-05-08 17:29:21', 47, 18),
	('2025-05-08 17:29:21', '2025-05-08 17:29:21', 47, 23),
	('2025-05-08 17:29:22', '2025-05-08 17:29:22', 48, 19),
	('2025-05-08 17:29:22', '2025-05-08 17:29:22', 48, 23),
	('2025-05-08 17:29:22', '2025-05-08 17:29:22', 49, 23),
	('2025-05-08 17:29:22', '2025-05-08 17:29:22', 49, 32);

-- Dumping structure for table vibrandstudio2.services
CREATE TABLE IF NOT EXISTS `services` (
  `id` int(11) NOT NULL AUTO_INCREMENT,
  `name` varchar(100) NOT NULL,
  `description` varchar(200) DEFAULT NULL,
  `rate` decimal(10,2) DEFAULT NULL,
  `duration` int(11) DEFAULT NULL,
  `status` enum('Active','Inactive') DEFAULT 'Active',
  `createdAt` datetime NOT NULL,
  `updatedAt` datetime NOT NULL,
  PRIMARY KEY (`id`)
) ENGINE=InnoDB AUTO_INCREMENT=41 DEFAULT CHARSET=utf8mb4 COLLATE=utf8mb4_uca1400_ai_ci;

-- Dumping data for table vibrandstudio2.services: ~23 rows (approximately)
INSERT INTO `services` (`id`, `name`, `description`, `rate`, `duration`, `status`, `createdAt`, `updatedAt`) VALUES
	(3, 'graphic', 'graphic design', 500.00, 2, 'Active', '2025-04-07 21:57:06', '2025-04-07 21:57:06'),
	(13, 'marketing', 'marketing service', 500.00, 2, 'Active', '2025-04-08 17:57:55', '2025-04-08 17:58:13'),
	(17, 'hgfhyt', 'ghyuoiljkdfgd', 67887.00, 56, 'Active', '2025-05-08 09:22:04', '2025-05-08 09:22:23'),
	(18, 'Web Design', 'Custom web design services tailored to client needs.', 500.00, 30, 'Active', '2025-05-08 16:23:21', '2025-05-08 16:23:21'),
	(19, 'Graphic Design', 'Professional graphic design for branding, print, and digital media.', 300.00, 20, 'Active', '2025-05-08 16:23:21', '2025-05-08 16:23:21'),
	(20, 'Marketing', 'Full marketing services, including SEO, PPC, and content creation.', 1000.00, 60, 'Active', '2025-05-08 16:23:21', '2025-05-08 16:23:21'),
	(21, 'Social Media Management', 'Managing and growing social media accounts for businesses and influencers.', 800.00, 45, 'Active', '2025-05-08 16:23:21', '2025-05-08 16:23:21'),
	(22, 'Political Media', 'Strategic media services for political campaigns and advocacy.', 1500.00, 90, 'Active', '2025-05-08 16:23:21', '2025-05-08 16:23:21'),
	(23, 'Religious Design', 'Design services tailored for religious institutions, including websites and branding.', 600.00, 30, 'Active', '2025-05-08 16:23:21', '2025-05-08 16:23:21'),
	(24, 'Branding', 'Brand identity creation, including logos, color schemes, and brand guidelines.', 1200.00, 40, 'Active', '2025-05-08 16:23:21', '2025-05-08 16:23:21'),
	(25, 'NGO Services', 'Design and development services for NGOs, including websites and campaigns.', 700.00, 35, 'Active', '2025-05-08 16:23:21', '2025-05-08 16:23:21'),
	(26, 'Windows App Development', 'Custom Windows application development for various needs.', 2000.00, 120, 'Active', '2025-05-08 16:23:21', '2025-05-08 16:23:21'),
	(27, 'Mobile App Development', 'Development of custom mobile applications for Android and iOS.', 2500.00, 150, 'Active', '2025-05-08 16:23:21', '2025-05-08 16:23:21'),
	(28, 'E-commerce Solutions', 'Design and development of e-commerce websites and platforms.', 1500.00, 60, 'Active', '2025-05-08 16:23:21', '2025-05-08 16:23:21'),
	(29, 'SEO Optimization', 'Search engine optimization services to improve website visibility.', 400.00, 15, 'Active', '2025-05-08 16:23:21', '2025-05-08 16:23:21'),
	(30, 'UI/UX Design', 'User interface and user experience design for websites and apps.', 900.00, 50, 'Active', '2025-05-08 16:23:21', '2025-05-08 16:23:21'),
	(31, 'Content Creation', 'Creating high-quality content for blogs, websites, and social media.', 600.00, 30, 'Active', '2025-05-08 16:23:21', '2025-05-08 16:23:21'),
	(32, 'Video Production', 'End-to-end video production services for promotional and corporate videos.', 2000.00, 80, 'Active', '2025-05-08 16:23:21', '2025-05-08 16:23:21'),
	(33, '222marketing', 'marketing service', 500.00, 2, 'Active', '2025-05-11 09:55:18', '2025-05-11 09:55:18'),
	(34, '111222marketing', 'marketing service', 500.00, 2, 'Active', '2025-05-11 09:57:55', '2025-05-11 09:57:55'),
	(35, 'hello267872222marketing', '123marketing service', 504.00, 4, 'Active', '2025-05-11 09:59:49', '2025-05-12 09:55:41');

-- Dumping structure for table vibrandstudio2.tasks
CREATE TABLE IF NOT EXISTS `tasks` (
  `id` int(11) NOT NULL AUTO_INCREMENT,
  `type` enum('note','task') DEFAULT 'note',
  `project_id` int(11) DEFAULT NULL,
  `due_date` date DEFAULT '2025-05-23',
  `task_description` text DEFAULT NULL,
  `importance_level` enum('Critical','High','Medium','Low','Optional') DEFAULT NULL,
  `createdAt` datetime NOT NULL,
  `updatedAt` datetime NOT NULL,
  `created_by` int(11) DEFAULT NULL,
  `assigned_to` int(11) DEFAULT NULL,
  `completed_by` int(11) DEFAULT NULL,
  PRIMARY KEY (`id`),
  KEY `project_id` (`project_id`),
  KEY `created_by` (`created_by`),
  KEY `assigned_to` (`assigned_to`),
  KEY `completed_by` (`completed_by`),
  CONSTRAINT `tasks_ibfk_1` FOREIGN KEY (`project_id`) REFERENCES `projects` (`id`) ON DELETE SET NULL ON UPDATE CASCADE,
  CONSTRAINT `tasks_ibfk_10` FOREIGN KEY (`completed_by`) REFERENCES `users` (`id`) ON DELETE SET NULL ON UPDATE CASCADE,
  CONSTRAINT `tasks_ibfk_100` FOREIGN KEY (`created_by`) REFERENCES `users` (`id`) ON DELETE SET NULL ON UPDATE CASCADE,
  CONSTRAINT `tasks_ibfk_101` FOREIGN KEY (`assigned_to`) REFERENCES `users` (`id`) ON DELETE SET NULL ON UPDATE CASCADE,
  CONSTRAINT `tasks_ibfk_102` FOREIGN KEY (`completed_by`) REFERENCES `users` (`id`) ON DELETE SET NULL ON UPDATE CASCADE,
  CONSTRAINT `tasks_ibfk_103` FOREIGN KEY (`project_id`) REFERENCES `projects` (`id`) ON DELETE SET NULL ON UPDATE CASCADE,
  CONSTRAINT `tasks_ibfk_104` FOREIGN KEY (`created_by`) REFERENCES `users` (`id`) ON DELETE SET NULL ON UPDATE CASCADE,
  CONSTRAINT `tasks_ibfk_105` FOREIGN KEY (`assigned_to`) REFERENCES `users` (`id`) ON DELETE SET NULL ON UPDATE CASCADE,
  CONSTRAINT `tasks_ibfk_106` FOREIGN KEY (`completed_by`) REFERENCES `users` (`id`) ON DELETE SET NULL ON UPDATE CASCADE,
  CONSTRAINT `tasks_ibfk_107` FOREIGN KEY (`project_id`) REFERENCES `projects` (`id`) ON DELETE SET NULL ON UPDATE CASCADE,
  CONSTRAINT `tasks_ibfk_108` FOREIGN KEY (`created_by`) REFERENCES `users` (`id`) ON DELETE SET NULL ON UPDATE CASCADE,
  CONSTRAINT `tasks_ibfk_109` FOREIGN KEY (`assigned_to`) REFERENCES `users` (`id`) ON DELETE SET NULL ON UPDATE CASCADE,
  CONSTRAINT `tasks_ibfk_11` FOREIGN KEY (`project_id`) REFERENCES `projects` (`id`) ON DELETE SET NULL ON UPDATE CASCADE,
  CONSTRAINT `tasks_ibfk_110` FOREIGN KEY (`completed_by`) REFERENCES `users` (`id`) ON DELETE SET NULL ON UPDATE CASCADE,
  CONSTRAINT `tasks_ibfk_111` FOREIGN KEY (`project_id`) REFERENCES `projects` (`id`) ON DELETE SET NULL ON UPDATE CASCADE,
  CONSTRAINT `tasks_ibfk_112` FOREIGN KEY (`created_by`) REFERENCES `users` (`id`) ON DELETE SET NULL ON UPDATE CASCADE,
  CONSTRAINT `tasks_ibfk_113` FOREIGN KEY (`assigned_to`) REFERENCES `users` (`id`) ON DELETE SET NULL ON UPDATE CASCADE,
  CONSTRAINT `tasks_ibfk_114` FOREIGN KEY (`completed_by`) REFERENCES `users` (`id`) ON DELETE SET NULL ON UPDATE CASCADE,
  CONSTRAINT `tasks_ibfk_115` FOREIGN KEY (`project_id`) REFERENCES `projects` (`id`) ON DELETE SET NULL ON UPDATE CASCADE,
  CONSTRAINT `tasks_ibfk_116` FOREIGN KEY (`created_by`) REFERENCES `users` (`id`) ON DELETE SET NULL ON UPDATE CASCADE,
  CONSTRAINT `tasks_ibfk_117` FOREIGN KEY (`assigned_to`) REFERENCES `users` (`id`) ON DELETE SET NULL ON UPDATE CASCADE,
  CONSTRAINT `tasks_ibfk_118` FOREIGN KEY (`completed_by`) REFERENCES `users` (`id`) ON DELETE SET NULL ON UPDATE CASCADE,
  CONSTRAINT `tasks_ibfk_119` FOREIGN KEY (`project_id`) REFERENCES `projects` (`id`) ON DELETE SET NULL ON UPDATE CASCADE,
  CONSTRAINT `tasks_ibfk_12` FOREIGN KEY (`created_by`) REFERENCES `users` (`id`) ON DELETE SET NULL ON UPDATE CASCADE,
  CONSTRAINT `tasks_ibfk_120` FOREIGN KEY (`created_by`) REFERENCES `users` (`id`) ON DELETE SET NULL ON UPDATE CASCADE,
  CONSTRAINT `tasks_ibfk_121` FOREIGN KEY (`assigned_to`) REFERENCES `users` (`id`) ON DELETE SET NULL ON UPDATE CASCADE,
  CONSTRAINT `tasks_ibfk_122` FOREIGN KEY (`completed_by`) REFERENCES `users` (`id`) ON DELETE SET NULL ON UPDATE CASCADE,
  CONSTRAINT `tasks_ibfk_123` FOREIGN KEY (`project_id`) REFERENCES `projects` (`id`) ON DELETE SET NULL ON UPDATE CASCADE,
  CONSTRAINT `tasks_ibfk_124` FOREIGN KEY (`created_by`) REFERENCES `users` (`id`) ON DELETE SET NULL ON UPDATE CASCADE,
  CONSTRAINT `tasks_ibfk_125` FOREIGN KEY (`assigned_to`) REFERENCES `users` (`id`) ON DELETE SET NULL ON UPDATE CASCADE,
  CONSTRAINT `tasks_ibfk_126` FOREIGN KEY (`completed_by`) REFERENCES `users` (`id`) ON DELETE SET NULL ON UPDATE CASCADE,
  CONSTRAINT `tasks_ibfk_127` FOREIGN KEY (`project_id`) REFERENCES `projects` (`id`) ON DELETE SET NULL ON UPDATE CASCADE,
  CONSTRAINT `tasks_ibfk_128` FOREIGN KEY (`created_by`) REFERENCES `users` (`id`) ON DELETE SET NULL ON UPDATE CASCADE,
  CONSTRAINT `tasks_ibfk_129` FOREIGN KEY (`assigned_to`) REFERENCES `users` (`id`) ON DELETE SET NULL ON UPDATE CASCADE,
  CONSTRAINT `tasks_ibfk_13` FOREIGN KEY (`assigned_to`) REFERENCES `users` (`id`) ON DELETE SET NULL ON UPDATE CASCADE,
  CONSTRAINT `tasks_ibfk_130` FOREIGN KEY (`completed_by`) REFERENCES `users` (`id`) ON DELETE SET NULL ON UPDATE CASCADE,
  CONSTRAINT `tasks_ibfk_131` FOREIGN KEY (`project_id`) REFERENCES `projects` (`id`) ON DELETE SET NULL ON UPDATE CASCADE,
  CONSTRAINT `tasks_ibfk_132` FOREIGN KEY (`created_by`) REFERENCES `users` (`id`) ON DELETE SET NULL ON UPDATE CASCADE,
  CONSTRAINT `tasks_ibfk_133` FOREIGN KEY (`assigned_to`) REFERENCES `users` (`id`) ON DELETE SET NULL ON UPDATE CASCADE,
  CONSTRAINT `tasks_ibfk_134` FOREIGN KEY (`completed_by`) REFERENCES `users` (`id`) ON DELETE SET NULL ON UPDATE CASCADE,
  CONSTRAINT `tasks_ibfk_135` FOREIGN KEY (`project_id`) REFERENCES `projects` (`id`) ON DELETE SET NULL ON UPDATE CASCADE,
  CONSTRAINT `tasks_ibfk_136` FOREIGN KEY (`created_by`) REFERENCES `users` (`id`) ON DELETE SET NULL ON UPDATE CASCADE,
  CONSTRAINT `tasks_ibfk_137` FOREIGN KEY (`assigned_to`) REFERENCES `users` (`id`) ON DELETE SET NULL ON UPDATE CASCADE,
  CONSTRAINT `tasks_ibfk_138` FOREIGN KEY (`completed_by`) REFERENCES `users` (`id`) ON DELETE SET NULL ON UPDATE CASCADE,
  CONSTRAINT `tasks_ibfk_139` FOREIGN KEY (`project_id`) REFERENCES `projects` (`id`) ON DELETE SET NULL ON UPDATE CASCADE,
  CONSTRAINT `tasks_ibfk_14` FOREIGN KEY (`completed_by`) REFERENCES `users` (`id`) ON DELETE SET NULL ON UPDATE CASCADE,
  CONSTRAINT `tasks_ibfk_140` FOREIGN KEY (`created_by`) REFERENCES `users` (`id`) ON DELETE SET NULL ON UPDATE CASCADE,
  CONSTRAINT `tasks_ibfk_141` FOREIGN KEY (`assigned_to`) REFERENCES `users` (`id`) ON DELETE SET NULL ON UPDATE CASCADE,
  CONSTRAINT `tasks_ibfk_142` FOREIGN KEY (`completed_by`) REFERENCES `users` (`id`) ON DELETE SET NULL ON UPDATE CASCADE,
  CONSTRAINT `tasks_ibfk_143` FOREIGN KEY (`project_id`) REFERENCES `projects` (`id`) ON DELETE SET NULL ON UPDATE CASCADE,
  CONSTRAINT `tasks_ibfk_144` FOREIGN KEY (`created_by`) REFERENCES `users` (`id`) ON DELETE SET NULL ON UPDATE CASCADE,
  CONSTRAINT `tasks_ibfk_145` FOREIGN KEY (`assigned_to`) REFERENCES `users` (`id`) ON DELETE SET NULL ON UPDATE CASCADE,
  CONSTRAINT `tasks_ibfk_146` FOREIGN KEY (`completed_by`) REFERENCES `users` (`id`) ON DELETE SET NULL ON UPDATE CASCADE,
  CONSTRAINT `tasks_ibfk_147` FOREIGN KEY (`project_id`) REFERENCES `projects` (`id`) ON DELETE SET NULL ON UPDATE CASCADE,
  CONSTRAINT `tasks_ibfk_148` FOREIGN KEY (`created_by`) REFERENCES `users` (`id`) ON DELETE SET NULL ON UPDATE CASCADE,
  CONSTRAINT `tasks_ibfk_149` FOREIGN KEY (`assigned_to`) REFERENCES `users` (`id`) ON DELETE SET NULL ON UPDATE CASCADE,
  CONSTRAINT `tasks_ibfk_15` FOREIGN KEY (`project_id`) REFERENCES `projects` (`id`) ON DELETE SET NULL ON UPDATE CASCADE,
  CONSTRAINT `tasks_ibfk_150` FOREIGN KEY (`completed_by`) REFERENCES `users` (`id`) ON DELETE SET NULL ON UPDATE CASCADE,
  CONSTRAINT `tasks_ibfk_151` FOREIGN KEY (`project_id`) REFERENCES `projects` (`id`) ON DELETE SET NULL ON UPDATE CASCADE,
  CONSTRAINT `tasks_ibfk_152` FOREIGN KEY (`created_by`) REFERENCES `users` (`id`) ON DELETE SET NULL ON UPDATE CASCADE,
  CONSTRAINT `tasks_ibfk_153` FOREIGN KEY (`assigned_to`) REFERENCES `users` (`id`) ON DELETE SET NULL ON UPDATE CASCADE,
  CONSTRAINT `tasks_ibfk_154` FOREIGN KEY (`completed_by`) REFERENCES `users` (`id`) ON DELETE SET NULL ON UPDATE CASCADE,
  CONSTRAINT `tasks_ibfk_155` FOREIGN KEY (`project_id`) REFERENCES `projects` (`id`) ON DELETE SET NULL ON UPDATE CASCADE,
  CONSTRAINT `tasks_ibfk_156` FOREIGN KEY (`created_by`) REFERENCES `users` (`id`) ON DELETE SET NULL ON UPDATE CASCADE,
  CONSTRAINT `tasks_ibfk_157` FOREIGN KEY (`assigned_to`) REFERENCES `users` (`id`) ON DELETE SET NULL ON UPDATE CASCADE,
  CONSTRAINT `tasks_ibfk_158` FOREIGN KEY (`completed_by`) REFERENCES `users` (`id`) ON DELETE SET NULL ON UPDATE CASCADE,
  CONSTRAINT `tasks_ibfk_159` FOREIGN KEY (`project_id`) REFERENCES `projects` (`id`) ON DELETE SET NULL ON UPDATE CASCADE,
  CONSTRAINT `tasks_ibfk_16` FOREIGN KEY (`created_by`) REFERENCES `users` (`id`) ON DELETE SET NULL ON UPDATE CASCADE,
  CONSTRAINT `tasks_ibfk_160` FOREIGN KEY (`created_by`) REFERENCES `users` (`id`) ON DELETE SET NULL ON UPDATE CASCADE,
  CONSTRAINT `tasks_ibfk_161` FOREIGN KEY (`assigned_to`) REFERENCES `users` (`id`) ON DELETE SET NULL ON UPDATE CASCADE,
  CONSTRAINT `tasks_ibfk_162` FOREIGN KEY (`completed_by`) REFERENCES `users` (`id`) ON DELETE SET NULL ON UPDATE CASCADE,
  CONSTRAINT `tasks_ibfk_163` FOREIGN KEY (`project_id`) REFERENCES `projects` (`id`) ON DELETE SET NULL ON UPDATE CASCADE,
  CONSTRAINT `tasks_ibfk_164` FOREIGN KEY (`created_by`) REFERENCES `users` (`id`) ON DELETE SET NULL ON UPDATE CASCADE,
  CONSTRAINT `tasks_ibfk_165` FOREIGN KEY (`assigned_to`) REFERENCES `users` (`id`) ON DELETE SET NULL ON UPDATE CASCADE,
  CONSTRAINT `tasks_ibfk_166` FOREIGN KEY (`completed_by`) REFERENCES `users` (`id`) ON DELETE SET NULL ON UPDATE CASCADE,
  CONSTRAINT `tasks_ibfk_167` FOREIGN KEY (`project_id`) REFERENCES `projects` (`id`) ON DELETE SET NULL ON UPDATE CASCADE,
  CONSTRAINT `tasks_ibfk_168` FOREIGN KEY (`created_by`) REFERENCES `users` (`id`) ON DELETE SET NULL ON UPDATE CASCADE,
  CONSTRAINT `tasks_ibfk_169` FOREIGN KEY (`assigned_to`) REFERENCES `users` (`id`) ON DELETE SET NULL ON UPDATE CASCADE,
  CONSTRAINT `tasks_ibfk_17` FOREIGN KEY (`assigned_to`) REFERENCES `users` (`id`) ON DELETE SET NULL ON UPDATE CASCADE,
  CONSTRAINT `tasks_ibfk_170` FOREIGN KEY (`completed_by`) REFERENCES `users` (`id`) ON DELETE SET NULL ON UPDATE CASCADE,
  CONSTRAINT `tasks_ibfk_171` FOREIGN KEY (`project_id`) REFERENCES `projects` (`id`) ON DELETE SET NULL ON UPDATE CASCADE,
  CONSTRAINT `tasks_ibfk_172` FOREIGN KEY (`created_by`) REFERENCES `users` (`id`) ON DELETE SET NULL ON UPDATE CASCADE,
  CONSTRAINT `tasks_ibfk_173` FOREIGN KEY (`assigned_to`) REFERENCES `users` (`id`) ON DELETE SET NULL ON UPDATE CASCADE,
  CONSTRAINT `tasks_ibfk_174` FOREIGN KEY (`completed_by`) REFERENCES `users` (`id`) ON DELETE SET NULL ON UPDATE CASCADE,
  CONSTRAINT `tasks_ibfk_175` FOREIGN KEY (`project_id`) REFERENCES `projects` (`id`) ON DELETE SET NULL ON UPDATE CASCADE,
  CONSTRAINT `tasks_ibfk_176` FOREIGN KEY (`created_by`) REFERENCES `users` (`id`) ON DELETE SET NULL ON UPDATE CASCADE,
  CONSTRAINT `tasks_ibfk_177` FOREIGN KEY (`assigned_to`) REFERENCES `users` (`id`) ON DELETE SET NULL ON UPDATE CASCADE,
  CONSTRAINT `tasks_ibfk_178` FOREIGN KEY (`completed_by`) REFERENCES `users` (`id`) ON DELETE SET NULL ON UPDATE CASCADE,
  CONSTRAINT `tasks_ibfk_179` FOREIGN KEY (`project_id`) REFERENCES `projects` (`id`) ON DELETE SET NULL ON UPDATE CASCADE,
  CONSTRAINT `tasks_ibfk_18` FOREIGN KEY (`completed_by`) REFERENCES `users` (`id`) ON DELETE SET NULL ON UPDATE CASCADE,
  CONSTRAINT `tasks_ibfk_180` FOREIGN KEY (`created_by`) REFERENCES `users` (`id`) ON DELETE SET NULL ON UPDATE CASCADE,
  CONSTRAINT `tasks_ibfk_181` FOREIGN KEY (`assigned_to`) REFERENCES `users` (`id`) ON DELETE SET NULL ON UPDATE CASCADE,
  CONSTRAINT `tasks_ibfk_182` FOREIGN KEY (`completed_by`) REFERENCES `users` (`id`) ON DELETE SET NULL ON UPDATE CASCADE,
  CONSTRAINT `tasks_ibfk_183` FOREIGN KEY (`project_id`) REFERENCES `projects` (`id`) ON DELETE SET NULL ON UPDATE CASCADE,
  CONSTRAINT `tasks_ibfk_184` FOREIGN KEY (`created_by`) REFERENCES `users` (`id`) ON DELETE SET NULL ON UPDATE CASCADE,
  CONSTRAINT `tasks_ibfk_185` FOREIGN KEY (`assigned_to`) REFERENCES `users` (`id`) ON DELETE SET NULL ON UPDATE CASCADE,
  CONSTRAINT `tasks_ibfk_186` FOREIGN KEY (`completed_by`) REFERENCES `users` (`id`) ON DELETE SET NULL ON UPDATE CASCADE,
  CONSTRAINT `tasks_ibfk_187` FOREIGN KEY (`project_id`) REFERENCES `projects` (`id`) ON DELETE SET NULL ON UPDATE CASCADE,
  CONSTRAINT `tasks_ibfk_188` FOREIGN KEY (`created_by`) REFERENCES `users` (`id`) ON DELETE SET NULL ON UPDATE CASCADE,
  CONSTRAINT `tasks_ibfk_189` FOREIGN KEY (`assigned_to`) REFERENCES `users` (`id`) ON DELETE SET NULL ON UPDATE CASCADE,
  CONSTRAINT `tasks_ibfk_19` FOREIGN KEY (`project_id`) REFERENCES `projects` (`id`) ON DELETE SET NULL ON UPDATE CASCADE,
  CONSTRAINT `tasks_ibfk_190` FOREIGN KEY (`completed_by`) REFERENCES `users` (`id`) ON DELETE SET NULL ON UPDATE CASCADE,
  CONSTRAINT `tasks_ibfk_191` FOREIGN KEY (`project_id`) REFERENCES `projects` (`id`) ON DELETE SET NULL ON UPDATE CASCADE,
  CONSTRAINT `tasks_ibfk_192` FOREIGN KEY (`created_by`) REFERENCES `users` (`id`) ON DELETE SET NULL ON UPDATE CASCADE,
  CONSTRAINT `tasks_ibfk_193` FOREIGN KEY (`assigned_to`) REFERENCES `users` (`id`) ON DELETE SET NULL ON UPDATE CASCADE,
  CONSTRAINT `tasks_ibfk_194` FOREIGN KEY (`completed_by`) REFERENCES `users` (`id`) ON DELETE SET NULL ON UPDATE CASCADE,
  CONSTRAINT `tasks_ibfk_195` FOREIGN KEY (`project_id`) REFERENCES `projects` (`id`) ON DELETE SET NULL ON UPDATE CASCADE,
  CONSTRAINT `tasks_ibfk_196` FOREIGN KEY (`created_by`) REFERENCES `users` (`id`) ON DELETE SET NULL ON UPDATE CASCADE,
  CONSTRAINT `tasks_ibfk_197` FOREIGN KEY (`assigned_to`) REFERENCES `users` (`id`) ON DELETE SET NULL ON UPDATE CASCADE,
  CONSTRAINT `tasks_ibfk_198` FOREIGN KEY (`completed_by`) REFERENCES `users` (`id`) ON DELETE SET NULL ON UPDATE CASCADE,
  CONSTRAINT `tasks_ibfk_199` FOREIGN KEY (`project_id`) REFERENCES `projects` (`id`) ON DELETE SET NULL ON UPDATE CASCADE,
  CONSTRAINT `tasks_ibfk_2` FOREIGN KEY (`created_by`) REFERENCES `users` (`id`) ON DELETE SET NULL ON UPDATE CASCADE,
  CONSTRAINT `tasks_ibfk_20` FOREIGN KEY (`created_by`) REFERENCES `users` (`id`) ON DELETE SET NULL ON UPDATE CASCADE,
  CONSTRAINT `tasks_ibfk_200` FOREIGN KEY (`created_by`) REFERENCES `users` (`id`) ON DELETE SET NULL ON UPDATE CASCADE,
  CONSTRAINT `tasks_ibfk_201` FOREIGN KEY (`assigned_to`) REFERENCES `users` (`id`) ON DELETE SET NULL ON UPDATE CASCADE,
  CONSTRAINT `tasks_ibfk_202` FOREIGN KEY (`completed_by`) REFERENCES `users` (`id`) ON DELETE SET NULL ON UPDATE CASCADE,
  CONSTRAINT `tasks_ibfk_203` FOREIGN KEY (`project_id`) REFERENCES `projects` (`id`) ON DELETE SET NULL ON UPDATE CASCADE,
  CONSTRAINT `tasks_ibfk_204` FOREIGN KEY (`created_by`) REFERENCES `users` (`id`) ON DELETE SET NULL ON UPDATE CASCADE,
  CONSTRAINT `tasks_ibfk_205` FOREIGN KEY (`assigned_to`) REFERENCES `users` (`id`) ON DELETE SET NULL ON UPDATE CASCADE,
  CONSTRAINT `tasks_ibfk_206` FOREIGN KEY (`completed_by`) REFERENCES `users` (`id`) ON DELETE SET NULL ON UPDATE CASCADE,
  CONSTRAINT `tasks_ibfk_207` FOREIGN KEY (`project_id`) REFERENCES `projects` (`id`) ON DELETE SET NULL ON UPDATE CASCADE,
  CONSTRAINT `tasks_ibfk_208` FOREIGN KEY (`created_by`) REFERENCES `users` (`id`) ON DELETE SET NULL ON UPDATE CASCADE,
  CONSTRAINT `tasks_ibfk_209` FOREIGN KEY (`assigned_to`) REFERENCES `users` (`id`) ON DELETE SET NULL ON UPDATE CASCADE,
  CONSTRAINT `tasks_ibfk_21` FOREIGN KEY (`assigned_to`) REFERENCES `users` (`id`) ON DELETE SET NULL ON UPDATE CASCADE,
  CONSTRAINT `tasks_ibfk_210` FOREIGN KEY (`completed_by`) REFERENCES `users` (`id`) ON DELETE SET NULL ON UPDATE CASCADE,
  CONSTRAINT `tasks_ibfk_211` FOREIGN KEY (`project_id`) REFERENCES `projects` (`id`) ON DELETE SET NULL ON UPDATE CASCADE,
  CONSTRAINT `tasks_ibfk_212` FOREIGN KEY (`created_by`) REFERENCES `users` (`id`) ON DELETE SET NULL ON UPDATE CASCADE,
  CONSTRAINT `tasks_ibfk_213` FOREIGN KEY (`assigned_to`) REFERENCES `users` (`id`) ON DELETE SET NULL ON UPDATE CASCADE,
  CONSTRAINT `tasks_ibfk_214` FOREIGN KEY (`completed_by`) REFERENCES `users` (`id`) ON DELETE SET NULL ON UPDATE CASCADE,
  CONSTRAINT `tasks_ibfk_215` FOREIGN KEY (`project_id`) REFERENCES `projects` (`id`) ON DELETE SET NULL ON UPDATE CASCADE,
  CONSTRAINT `tasks_ibfk_216` FOREIGN KEY (`created_by`) REFERENCES `users` (`id`) ON DELETE SET NULL ON UPDATE CASCADE,
  CONSTRAINT `tasks_ibfk_217` FOREIGN KEY (`assigned_to`) REFERENCES `users` (`id`) ON DELETE SET NULL ON UPDATE CASCADE,
  CONSTRAINT `tasks_ibfk_218` FOREIGN KEY (`completed_by`) REFERENCES `users` (`id`) ON DELETE SET NULL ON UPDATE CASCADE,
  CONSTRAINT `tasks_ibfk_219` FOREIGN KEY (`project_id`) REFERENCES `projects` (`id`) ON DELETE SET NULL ON UPDATE CASCADE,
  CONSTRAINT `tasks_ibfk_22` FOREIGN KEY (`completed_by`) REFERENCES `users` (`id`) ON DELETE SET NULL ON UPDATE CASCADE,
  CONSTRAINT `tasks_ibfk_220` FOREIGN KEY (`created_by`) REFERENCES `users` (`id`) ON DELETE SET NULL ON UPDATE CASCADE,
  CONSTRAINT `tasks_ibfk_221` FOREIGN KEY (`assigned_to`) REFERENCES `users` (`id`) ON DELETE SET NULL ON UPDATE CASCADE,
  CONSTRAINT `tasks_ibfk_222` FOREIGN KEY (`completed_by`) REFERENCES `users` (`id`) ON DELETE SET NULL ON UPDATE CASCADE,
  CONSTRAINT `tasks_ibfk_223` FOREIGN KEY (`project_id`) REFERENCES `projects` (`id`) ON DELETE SET NULL ON UPDATE CASCADE,
  CONSTRAINT `tasks_ibfk_224` FOREIGN KEY (`created_by`) REFERENCES `users` (`id`) ON DELETE SET NULL ON UPDATE CASCADE,
  CONSTRAINT `tasks_ibfk_225` FOREIGN KEY (`assigned_to`) REFERENCES `users` (`id`) ON DELETE SET NULL ON UPDATE CASCADE,
  CONSTRAINT `tasks_ibfk_226` FOREIGN KEY (`completed_by`) REFERENCES `users` (`id`) ON DELETE SET NULL ON UPDATE CASCADE,
  CONSTRAINT `tasks_ibfk_227` FOREIGN KEY (`project_id`) REFERENCES `projects` (`id`) ON DELETE SET NULL ON UPDATE CASCADE,
  CONSTRAINT `tasks_ibfk_228` FOREIGN KEY (`created_by`) REFERENCES `users` (`id`) ON DELETE SET NULL ON UPDATE CASCADE,
  CONSTRAINT `tasks_ibfk_229` FOREIGN KEY (`assigned_to`) REFERENCES `users` (`id`) ON DELETE SET NULL ON UPDATE CASCADE,
  CONSTRAINT `tasks_ibfk_23` FOREIGN KEY (`project_id`) REFERENCES `projects` (`id`) ON DELETE SET NULL ON UPDATE CASCADE,
  CONSTRAINT `tasks_ibfk_230` FOREIGN KEY (`completed_by`) REFERENCES `users` (`id`) ON DELETE SET NULL ON UPDATE CASCADE,
  CONSTRAINT `tasks_ibfk_231` FOREIGN KEY (`project_id`) REFERENCES `projects` (`id`) ON DELETE SET NULL ON UPDATE CASCADE,
  CONSTRAINT `tasks_ibfk_232` FOREIGN KEY (`created_by`) REFERENCES `users` (`id`) ON DELETE SET NULL ON UPDATE CASCADE,
  CONSTRAINT `tasks_ibfk_233` FOREIGN KEY (`assigned_to`) REFERENCES `users` (`id`) ON DELETE SET NULL ON UPDATE CASCADE,
  CONSTRAINT `tasks_ibfk_234` FOREIGN KEY (`completed_by`) REFERENCES `users` (`id`) ON DELETE SET NULL ON UPDATE CASCADE,
  CONSTRAINT `tasks_ibfk_235` FOREIGN KEY (`project_id`) REFERENCES `projects` (`id`) ON DELETE SET NULL ON UPDATE CASCADE,
  CONSTRAINT `tasks_ibfk_236` FOREIGN KEY (`created_by`) REFERENCES `users` (`id`) ON DELETE SET NULL ON UPDATE CASCADE,
  CONSTRAINT `tasks_ibfk_237` FOREIGN KEY (`assigned_to`) REFERENCES `users` (`id`) ON DELETE SET NULL ON UPDATE CASCADE,
  CONSTRAINT `tasks_ibfk_238` FOREIGN KEY (`completed_by`) REFERENCES `users` (`id`) ON DELETE SET NULL ON UPDATE CASCADE,
  CONSTRAINT `tasks_ibfk_239` FOREIGN KEY (`project_id`) REFERENCES `projects` (`id`) ON DELETE SET NULL ON UPDATE CASCADE,
  CONSTRAINT `tasks_ibfk_24` FOREIGN KEY (`created_by`) REFERENCES `users` (`id`) ON DELETE SET NULL ON UPDATE CASCADE,
  CONSTRAINT `tasks_ibfk_240` FOREIGN KEY (`created_by`) REFERENCES `users` (`id`) ON DELETE SET NULL ON UPDATE CASCADE,
  CONSTRAINT `tasks_ibfk_241` FOREIGN KEY (`assigned_to`) REFERENCES `users` (`id`) ON DELETE SET NULL ON UPDATE CASCADE,
  CONSTRAINT `tasks_ibfk_242` FOREIGN KEY (`completed_by`) REFERENCES `users` (`id`) ON DELETE SET NULL ON UPDATE CASCADE,
  CONSTRAINT `tasks_ibfk_243` FOREIGN KEY (`project_id`) REFERENCES `projects` (`id`) ON DELETE SET NULL ON UPDATE CASCADE,
  CONSTRAINT `tasks_ibfk_244` FOREIGN KEY (`created_by`) REFERENCES `users` (`id`) ON DELETE SET NULL ON UPDATE CASCADE,
  CONSTRAINT `tasks_ibfk_245` FOREIGN KEY (`assigned_to`) REFERENCES `users` (`id`) ON DELETE SET NULL ON UPDATE CASCADE,
  CONSTRAINT `tasks_ibfk_246` FOREIGN KEY (`completed_by`) REFERENCES `users` (`id`) ON DELETE SET NULL ON UPDATE CASCADE,
  CONSTRAINT `tasks_ibfk_247` FOREIGN KEY (`project_id`) REFERENCES `projects` (`id`) ON DELETE SET NULL ON UPDATE CASCADE,
  CONSTRAINT `tasks_ibfk_248` FOREIGN KEY (`created_by`) REFERENCES `users` (`id`) ON DELETE SET NULL ON UPDATE CASCADE,
  CONSTRAINT `tasks_ibfk_249` FOREIGN KEY (`assigned_to`) REFERENCES `users` (`id`) ON DELETE SET NULL ON UPDATE CASCADE,
  CONSTRAINT `tasks_ibfk_25` FOREIGN KEY (`assigned_to`) REFERENCES `users` (`id`) ON DELETE SET NULL ON UPDATE CASCADE,
  CONSTRAINT `tasks_ibfk_250` FOREIGN KEY (`completed_by`) REFERENCES `users` (`id`) ON DELETE SET NULL ON UPDATE CASCADE,
  CONSTRAINT `tasks_ibfk_251` FOREIGN KEY (`project_id`) REFERENCES `projects` (`id`) ON DELETE SET NULL ON UPDATE CASCADE,
  CONSTRAINT `tasks_ibfk_252` FOREIGN KEY (`created_by`) REFERENCES `users` (`id`) ON DELETE SET NULL ON UPDATE CASCADE,
  CONSTRAINT `tasks_ibfk_253` FOREIGN KEY (`assigned_to`) REFERENCES `users` (`id`) ON DELETE SET NULL ON UPDATE CASCADE,
  CONSTRAINT `tasks_ibfk_254` FOREIGN KEY (`completed_by`) REFERENCES `users` (`id`) ON DELETE SET NULL ON UPDATE CASCADE,
  CONSTRAINT `tasks_ibfk_255` FOREIGN KEY (`project_id`) REFERENCES `projects` (`id`) ON DELETE SET NULL ON UPDATE CASCADE,
  CONSTRAINT `tasks_ibfk_256` FOREIGN KEY (`created_by`) REFERENCES `users` (`id`) ON DELETE SET NULL ON UPDATE CASCADE,
  CONSTRAINT `tasks_ibfk_257` FOREIGN KEY (`assigned_to`) REFERENCES `users` (`id`) ON DELETE SET NULL ON UPDATE CASCADE,
  CONSTRAINT `tasks_ibfk_258` FOREIGN KEY (`completed_by`) REFERENCES `users` (`id`) ON DELETE SET NULL ON UPDATE CASCADE,
  CONSTRAINT `tasks_ibfk_259` FOREIGN KEY (`project_id`) REFERENCES `projects` (`id`) ON DELETE SET NULL ON UPDATE CASCADE,
  CONSTRAINT `tasks_ibfk_26` FOREIGN KEY (`completed_by`) REFERENCES `users` (`id`) ON DELETE SET NULL ON UPDATE CASCADE,
  CONSTRAINT `tasks_ibfk_260` FOREIGN KEY (`created_by`) REFERENCES `users` (`id`) ON DELETE SET NULL ON UPDATE CASCADE,
  CONSTRAINT `tasks_ibfk_261` FOREIGN KEY (`assigned_to`) REFERENCES `users` (`id`) ON DELETE SET NULL ON UPDATE CASCADE,
  CONSTRAINT `tasks_ibfk_262` FOREIGN KEY (`completed_by`) REFERENCES `users` (`id`) ON DELETE SET NULL ON UPDATE CASCADE,
  CONSTRAINT `tasks_ibfk_263` FOREIGN KEY (`project_id`) REFERENCES `projects` (`id`) ON DELETE SET NULL ON UPDATE CASCADE,
  CONSTRAINT `tasks_ibfk_264` FOREIGN KEY (`created_by`) REFERENCES `users` (`id`) ON DELETE SET NULL ON UPDATE CASCADE,
  CONSTRAINT `tasks_ibfk_265` FOREIGN KEY (`assigned_to`) REFERENCES `users` (`id`) ON DELETE SET NULL ON UPDATE CASCADE,
  CONSTRAINT `tasks_ibfk_266` FOREIGN KEY (`completed_by`) REFERENCES `users` (`id`) ON DELETE SET NULL ON UPDATE CASCADE,
  CONSTRAINT `tasks_ibfk_267` FOREIGN KEY (`project_id`) REFERENCES `projects` (`id`) ON DELETE SET NULL ON UPDATE CASCADE,
  CONSTRAINT `tasks_ibfk_268` FOREIGN KEY (`created_by`) REFERENCES `users` (`id`) ON DELETE SET NULL ON UPDATE CASCADE,
  CONSTRAINT `tasks_ibfk_269` FOREIGN KEY (`assigned_to`) REFERENCES `users` (`id`) ON DELETE SET NULL ON UPDATE CASCADE,
  CONSTRAINT `tasks_ibfk_27` FOREIGN KEY (`project_id`) REFERENCES `projects` (`id`) ON DELETE SET NULL ON UPDATE CASCADE,
  CONSTRAINT `tasks_ibfk_270` FOREIGN KEY (`completed_by`) REFERENCES `users` (`id`) ON DELETE SET NULL ON UPDATE CASCADE,
  CONSTRAINT `tasks_ibfk_271` FOREIGN KEY (`project_id`) REFERENCES `projects` (`id`) ON DELETE SET NULL ON UPDATE CASCADE,
  CONSTRAINT `tasks_ibfk_272` FOREIGN KEY (`created_by`) REFERENCES `users` (`id`) ON DELETE SET NULL ON UPDATE CASCADE,
  CONSTRAINT `tasks_ibfk_273` FOREIGN KEY (`assigned_to`) REFERENCES `users` (`id`) ON DELETE SET NULL ON UPDATE CASCADE,
  CONSTRAINT `tasks_ibfk_274` FOREIGN KEY (`completed_by`) REFERENCES `users` (`id`) ON DELETE SET NULL ON UPDATE CASCADE,
  CONSTRAINT `tasks_ibfk_275` FOREIGN KEY (`project_id`) REFERENCES `projects` (`id`) ON DELETE SET NULL ON UPDATE CASCADE,
  CONSTRAINT `tasks_ibfk_276` FOREIGN KEY (`created_by`) REFERENCES `users` (`id`) ON DELETE SET NULL ON UPDATE CASCADE,
  CONSTRAINT `tasks_ibfk_277` FOREIGN KEY (`assigned_to`) REFERENCES `users` (`id`) ON DELETE SET NULL ON UPDATE CASCADE,
  CONSTRAINT `tasks_ibfk_278` FOREIGN KEY (`completed_by`) REFERENCES `users` (`id`) ON DELETE SET NULL ON UPDATE CASCADE,
  CONSTRAINT `tasks_ibfk_279` FOREIGN KEY (`project_id`) REFERENCES `projects` (`id`) ON DELETE SET NULL ON UPDATE CASCADE,
  CONSTRAINT `tasks_ibfk_28` FOREIGN KEY (`created_by`) REFERENCES `users` (`id`) ON DELETE SET NULL ON UPDATE CASCADE,
  CONSTRAINT `tasks_ibfk_280` FOREIGN KEY (`created_by`) REFERENCES `users` (`id`) ON DELETE SET NULL ON UPDATE CASCADE,
  CONSTRAINT `tasks_ibfk_281` FOREIGN KEY (`assigned_to`) REFERENCES `users` (`id`) ON DELETE SET NULL ON UPDATE CASCADE,
  CONSTRAINT `tasks_ibfk_282` FOREIGN KEY (`completed_by`) REFERENCES `users` (`id`) ON DELETE SET NULL ON UPDATE CASCADE,
  CONSTRAINT `tasks_ibfk_283` FOREIGN KEY (`project_id`) REFERENCES `projects` (`id`) ON DELETE SET NULL ON UPDATE CASCADE,
  CONSTRAINT `tasks_ibfk_284` FOREIGN KEY (`created_by`) REFERENCES `users` (`id`) ON DELETE SET NULL ON UPDATE CASCADE,
  CONSTRAINT `tasks_ibfk_285` FOREIGN KEY (`assigned_to`) REFERENCES `users` (`id`) ON DELETE SET NULL ON UPDATE CASCADE,
  CONSTRAINT `tasks_ibfk_286` FOREIGN KEY (`completed_by`) REFERENCES `users` (`id`) ON DELETE SET NULL ON UPDATE CASCADE,
  CONSTRAINT `tasks_ibfk_287` FOREIGN KEY (`project_id`) REFERENCES `projects` (`id`) ON DELETE SET NULL ON UPDATE CASCADE,
  CONSTRAINT `tasks_ibfk_288` FOREIGN KEY (`created_by`) REFERENCES `users` (`id`) ON DELETE SET NULL ON UPDATE CASCADE,
  CONSTRAINT `tasks_ibfk_289` FOREIGN KEY (`assigned_to`) REFERENCES `users` (`id`) ON DELETE SET NULL ON UPDATE CASCADE,
  CONSTRAINT `tasks_ibfk_29` FOREIGN KEY (`assigned_to`) REFERENCES `users` (`id`) ON DELETE SET NULL ON UPDATE CASCADE,
  CONSTRAINT `tasks_ibfk_290` FOREIGN KEY (`completed_by`) REFERENCES `users` (`id`) ON DELETE SET NULL ON UPDATE CASCADE,
  CONSTRAINT `tasks_ibfk_291` FOREIGN KEY (`project_id`) REFERENCES `projects` (`id`) ON DELETE SET NULL ON UPDATE CASCADE,
  CONSTRAINT `tasks_ibfk_292` FOREIGN KEY (`created_by`) REFERENCES `users` (`id`) ON DELETE SET NULL ON UPDATE CASCADE,
  CONSTRAINT `tasks_ibfk_293` FOREIGN KEY (`assigned_to`) REFERENCES `users` (`id`) ON DELETE SET NULL ON UPDATE CASCADE,
  CONSTRAINT `tasks_ibfk_294` FOREIGN KEY (`completed_by`) REFERENCES `users` (`id`) ON DELETE SET NULL ON UPDATE CASCADE,
  CONSTRAINT `tasks_ibfk_295` FOREIGN KEY (`project_id`) REFERENCES `projects` (`id`) ON DELETE SET NULL ON UPDATE CASCADE,
  CONSTRAINT `tasks_ibfk_296` FOREIGN KEY (`created_by`) REFERENCES `users` (`id`) ON DELETE SET NULL ON UPDATE CASCADE,
  CONSTRAINT `tasks_ibfk_297` FOREIGN KEY (`assigned_to`) REFERENCES `users` (`id`) ON DELETE SET NULL ON UPDATE CASCADE,
  CONSTRAINT `tasks_ibfk_298` FOREIGN KEY (`completed_by`) REFERENCES `users` (`id`) ON DELETE SET NULL ON UPDATE CASCADE,
  CONSTRAINT `tasks_ibfk_299` FOREIGN KEY (`project_id`) REFERENCES `projects` (`id`) ON DELETE SET NULL ON UPDATE CASCADE,
  CONSTRAINT `tasks_ibfk_3` FOREIGN KEY (`assigned_to`) REFERENCES `users` (`id`) ON DELETE SET NULL ON UPDATE CASCADE,
  CONSTRAINT `tasks_ibfk_30` FOREIGN KEY (`completed_by`) REFERENCES `users` (`id`) ON DELETE SET NULL ON UPDATE CASCADE,
  CONSTRAINT `tasks_ibfk_300` FOREIGN KEY (`created_by`) REFERENCES `users` (`id`) ON DELETE SET NULL ON UPDATE CASCADE,
  CONSTRAINT `tasks_ibfk_301` FOREIGN KEY (`assigned_to`) REFERENCES `users` (`id`) ON DELETE SET NULL ON UPDATE CASCADE,
  CONSTRAINT `tasks_ibfk_302` FOREIGN KEY (`completed_by`) REFERENCES `users` (`id`) ON DELETE SET NULL ON UPDATE CASCADE,
  CONSTRAINT `tasks_ibfk_303` FOREIGN KEY (`project_id`) REFERENCES `projects` (`id`) ON DELETE SET NULL ON UPDATE CASCADE,
  CONSTRAINT `tasks_ibfk_304` FOREIGN KEY (`created_by`) REFERENCES `users` (`id`) ON DELETE SET NULL ON UPDATE CASCADE,
  CONSTRAINT `tasks_ibfk_305` FOREIGN KEY (`assigned_to`) REFERENCES `users` (`id`) ON DELETE SET NULL ON UPDATE CASCADE,
  CONSTRAINT `tasks_ibfk_306` FOREIGN KEY (`completed_by`) REFERENCES `users` (`id`) ON DELETE SET NULL ON UPDATE CASCADE,
  CONSTRAINT `tasks_ibfk_307` FOREIGN KEY (`project_id`) REFERENCES `projects` (`id`) ON DELETE SET NULL ON UPDATE CASCADE,
  CONSTRAINT `tasks_ibfk_308` FOREIGN KEY (`created_by`) REFERENCES `users` (`id`) ON DELETE SET NULL ON UPDATE CASCADE,
  CONSTRAINT `tasks_ibfk_309` FOREIGN KEY (`assigned_to`) REFERENCES `users` (`id`) ON DELETE SET NULL ON UPDATE CASCADE,
  CONSTRAINT `tasks_ibfk_31` FOREIGN KEY (`project_id`) REFERENCES `projects` (`id`) ON DELETE SET NULL ON UPDATE CASCADE,
  CONSTRAINT `tasks_ibfk_310` FOREIGN KEY (`completed_by`) REFERENCES `users` (`id`) ON DELETE SET NULL ON UPDATE CASCADE,
  CONSTRAINT `tasks_ibfk_311` FOREIGN KEY (`project_id`) REFERENCES `projects` (`id`) ON DELETE SET NULL ON UPDATE CASCADE,
  CONSTRAINT `tasks_ibfk_312` FOREIGN KEY (`created_by`) REFERENCES `users` (`id`) ON DELETE SET NULL ON UPDATE CASCADE,
  CONSTRAINT `tasks_ibfk_313` FOREIGN KEY (`assigned_to`) REFERENCES `users` (`id`) ON DELETE SET NULL ON UPDATE CASCADE,
  CONSTRAINT `tasks_ibfk_314` FOREIGN KEY (`completed_by`) REFERENCES `users` (`id`) ON DELETE SET NULL ON UPDATE CASCADE,
  CONSTRAINT `tasks_ibfk_315` FOREIGN KEY (`project_id`) REFERENCES `projects` (`id`) ON DELETE SET NULL ON UPDATE CASCADE,
  CONSTRAINT `tasks_ibfk_316` FOREIGN KEY (`created_by`) REFERENCES `users` (`id`) ON DELETE SET NULL ON UPDATE CASCADE,
  CONSTRAINT `tasks_ibfk_317` FOREIGN KEY (`assigned_to`) REFERENCES `users` (`id`) ON DELETE SET NULL ON UPDATE CASCADE,
  CONSTRAINT `tasks_ibfk_318` FOREIGN KEY (`completed_by`) REFERENCES `users` (`id`) ON DELETE SET NULL ON UPDATE CASCADE,
  CONSTRAINT `tasks_ibfk_319` FOREIGN KEY (`project_id`) REFERENCES `projects` (`id`) ON DELETE SET NULL ON UPDATE CASCADE,
  CONSTRAINT `tasks_ibfk_32` FOREIGN KEY (`created_by`) REFERENCES `users` (`id`) ON DELETE SET NULL ON UPDATE CASCADE,
  CONSTRAINT `tasks_ibfk_320` FOREIGN KEY (`created_by`) REFERENCES `users` (`id`) ON DELETE SET NULL ON UPDATE CASCADE,
  CONSTRAINT `tasks_ibfk_321` FOREIGN KEY (`assigned_to`) REFERENCES `users` (`id`) ON DELETE SET NULL ON UPDATE CASCADE,
  CONSTRAINT `tasks_ibfk_322` FOREIGN KEY (`completed_by`) REFERENCES `users` (`id`) ON DELETE SET NULL ON UPDATE CASCADE,
  CONSTRAINT `tasks_ibfk_323` FOREIGN KEY (`project_id`) REFERENCES `projects` (`id`) ON DELETE SET NULL ON UPDATE CASCADE,
  CONSTRAINT `tasks_ibfk_324` FOREIGN KEY (`created_by`) REFERENCES `users` (`id`) ON DELETE SET NULL ON UPDATE CASCADE,
  CONSTRAINT `tasks_ibfk_325` FOREIGN KEY (`assigned_to`) REFERENCES `users` (`id`) ON DELETE SET NULL ON UPDATE CASCADE,
  CONSTRAINT `tasks_ibfk_326` FOREIGN KEY (`completed_by`) REFERENCES `users` (`id`) ON DELETE SET NULL ON UPDATE CASCADE,
  CONSTRAINT `tasks_ibfk_327` FOREIGN KEY (`project_id`) REFERENCES `projects` (`id`) ON DELETE SET NULL ON UPDATE CASCADE,
  CONSTRAINT `tasks_ibfk_328` FOREIGN KEY (`created_by`) REFERENCES `users` (`id`) ON DELETE SET NULL ON UPDATE CASCADE,
  CONSTRAINT `tasks_ibfk_329` FOREIGN KEY (`assigned_to`) REFERENCES `users` (`id`) ON DELETE SET NULL ON UPDATE CASCADE,
  CONSTRAINT `tasks_ibfk_33` FOREIGN KEY (`assigned_to`) REFERENCES `users` (`id`) ON DELETE SET NULL ON UPDATE CASCADE,
  CONSTRAINT `tasks_ibfk_330` FOREIGN KEY (`completed_by`) REFERENCES `users` (`id`) ON DELETE SET NULL ON UPDATE CASCADE,
  CONSTRAINT `tasks_ibfk_331` FOREIGN KEY (`project_id`) REFERENCES `projects` (`id`) ON DELETE SET NULL ON UPDATE CASCADE,
  CONSTRAINT `tasks_ibfk_332` FOREIGN KEY (`created_by`) REFERENCES `users` (`id`) ON DELETE SET NULL ON UPDATE CASCADE,
  CONSTRAINT `tasks_ibfk_333` FOREIGN KEY (`assigned_to`) REFERENCES `users` (`id`) ON DELETE SET NULL ON UPDATE CASCADE,
  CONSTRAINT `tasks_ibfk_334` FOREIGN KEY (`completed_by`) REFERENCES `users` (`id`) ON DELETE SET NULL ON UPDATE CASCADE,
  CONSTRAINT `tasks_ibfk_335` FOREIGN KEY (`project_id`) REFERENCES `projects` (`id`) ON DELETE SET NULL ON UPDATE CASCADE,
  CONSTRAINT `tasks_ibfk_336` FOREIGN KEY (`created_by`) REFERENCES `users` (`id`) ON DELETE SET NULL ON UPDATE CASCADE,
  CONSTRAINT `tasks_ibfk_337` FOREIGN KEY (`assigned_to`) REFERENCES `users` (`id`) ON DELETE SET NULL ON UPDATE CASCADE,
  CONSTRAINT `tasks_ibfk_338` FOREIGN KEY (`completed_by`) REFERENCES `users` (`id`) ON DELETE SET NULL ON UPDATE CASCADE,
  CONSTRAINT `tasks_ibfk_339` FOREIGN KEY (`project_id`) REFERENCES `projects` (`id`) ON DELETE SET NULL ON UPDATE CASCADE,
  CONSTRAINT `tasks_ibfk_34` FOREIGN KEY (`completed_by`) REFERENCES `users` (`id`) ON DELETE SET NULL ON UPDATE CASCADE,
  CONSTRAINT `tasks_ibfk_340` FOREIGN KEY (`created_by`) REFERENCES `users` (`id`) ON DELETE SET NULL ON UPDATE CASCADE,
  CONSTRAINT `tasks_ibfk_341` FOREIGN KEY (`assigned_to`) REFERENCES `users` (`id`) ON DELETE SET NULL ON UPDATE CASCADE,
  CONSTRAINT `tasks_ibfk_342` FOREIGN KEY (`completed_by`) REFERENCES `users` (`id`) ON DELETE SET NULL ON UPDATE CASCADE,
  CONSTRAINT `tasks_ibfk_343` FOREIGN KEY (`project_id`) REFERENCES `projects` (`id`) ON DELETE SET NULL ON UPDATE CASCADE,
  CONSTRAINT `tasks_ibfk_344` FOREIGN KEY (`created_by`) REFERENCES `users` (`id`) ON DELETE SET NULL ON UPDATE CASCADE,
  CONSTRAINT `tasks_ibfk_345` FOREIGN KEY (`assigned_to`) REFERENCES `users` (`id`) ON DELETE SET NULL ON UPDATE CASCADE,
  CONSTRAINT `tasks_ibfk_346` FOREIGN KEY (`completed_by`) REFERENCES `users` (`id`) ON DELETE SET NULL ON UPDATE CASCADE,
  CONSTRAINT `tasks_ibfk_347` FOREIGN KEY (`project_id`) REFERENCES `projects` (`id`) ON DELETE SET NULL ON UPDATE CASCADE,
  CONSTRAINT `tasks_ibfk_348` FOREIGN KEY (`created_by`) REFERENCES `users` (`id`) ON DELETE SET NULL ON UPDATE CASCADE,
  CONSTRAINT `tasks_ibfk_349` FOREIGN KEY (`assigned_to`) REFERENCES `users` (`id`) ON DELETE SET NULL ON UPDATE CASCADE,
  CONSTRAINT `tasks_ibfk_35` FOREIGN KEY (`project_id`) REFERENCES `projects` (`id`) ON DELETE SET NULL ON UPDATE CASCADE,
  CONSTRAINT `tasks_ibfk_350` FOREIGN KEY (`completed_by`) REFERENCES `users` (`id`) ON DELETE SET NULL ON UPDATE CASCADE,
  CONSTRAINT `tasks_ibfk_351` FOREIGN KEY (`project_id`) REFERENCES `projects` (`id`) ON DELETE SET NULL ON UPDATE CASCADE,
  CONSTRAINT `tasks_ibfk_352` FOREIGN KEY (`created_by`) REFERENCES `users` (`id`) ON DELETE SET NULL ON UPDATE CASCADE,
  CONSTRAINT `tasks_ibfk_353` FOREIGN KEY (`assigned_to`) REFERENCES `users` (`id`) ON DELETE SET NULL ON UPDATE CASCADE,
  CONSTRAINT `tasks_ibfk_354` FOREIGN KEY (`completed_by`) REFERENCES `users` (`id`) ON DELETE SET NULL ON UPDATE CASCADE,
  CONSTRAINT `tasks_ibfk_355` FOREIGN KEY (`project_id`) REFERENCES `projects` (`id`) ON DELETE SET NULL ON UPDATE CASCADE,
  CONSTRAINT `tasks_ibfk_356` FOREIGN KEY (`created_by`) REFERENCES `users` (`id`) ON DELETE SET NULL ON UPDATE CASCADE,
  CONSTRAINT `tasks_ibfk_357` FOREIGN KEY (`assigned_to`) REFERENCES `users` (`id`) ON DELETE SET NULL ON UPDATE CASCADE,
  CONSTRAINT `tasks_ibfk_358` FOREIGN KEY (`completed_by`) REFERENCES `users` (`id`) ON DELETE SET NULL ON UPDATE CASCADE,
  CONSTRAINT `tasks_ibfk_359` FOREIGN KEY (`project_id`) REFERENCES `projects` (`id`) ON DELETE SET NULL ON UPDATE CASCADE,
  CONSTRAINT `tasks_ibfk_36` FOREIGN KEY (`created_by`) REFERENCES `users` (`id`) ON DELETE SET NULL ON UPDATE CASCADE,
  CONSTRAINT `tasks_ibfk_360` FOREIGN KEY (`created_by`) REFERENCES `users` (`id`) ON DELETE SET NULL ON UPDATE CASCADE,
  CONSTRAINT `tasks_ibfk_361` FOREIGN KEY (`assigned_to`) REFERENCES `users` (`id`) ON DELETE SET NULL ON UPDATE CASCADE,
  CONSTRAINT `tasks_ibfk_362` FOREIGN KEY (`completed_by`) REFERENCES `users` (`id`) ON DELETE SET NULL ON UPDATE CASCADE,
  CONSTRAINT `tasks_ibfk_363` FOREIGN KEY (`project_id`) REFERENCES `projects` (`id`) ON DELETE SET NULL ON UPDATE CASCADE,
  CONSTRAINT `tasks_ibfk_364` FOREIGN KEY (`created_by`) REFERENCES `users` (`id`) ON DELETE SET NULL ON UPDATE CASCADE,
  CONSTRAINT `tasks_ibfk_365` FOREIGN KEY (`assigned_to`) REFERENCES `users` (`id`) ON DELETE SET NULL ON UPDATE CASCADE,
  CONSTRAINT `tasks_ibfk_366` FOREIGN KEY (`completed_by`) REFERENCES `users` (`id`) ON DELETE SET NULL ON UPDATE CASCADE,
  CONSTRAINT `tasks_ibfk_367` FOREIGN KEY (`project_id`) REFERENCES `projects` (`id`) ON DELETE SET NULL ON UPDATE CASCADE,
  CONSTRAINT `tasks_ibfk_368` FOREIGN KEY (`created_by`) REFERENCES `users` (`id`) ON DELETE SET NULL ON UPDATE CASCADE,
  CONSTRAINT `tasks_ibfk_369` FOREIGN KEY (`assigned_to`) REFERENCES `users` (`id`) ON DELETE SET NULL ON UPDATE CASCADE,
  CONSTRAINT `tasks_ibfk_37` FOREIGN KEY (`assigned_to`) REFERENCES `users` (`id`) ON DELETE SET NULL ON UPDATE CASCADE,
  CONSTRAINT `tasks_ibfk_370` FOREIGN KEY (`completed_by`) REFERENCES `users` (`id`) ON DELETE SET NULL ON UPDATE CASCADE,
  CONSTRAINT `tasks_ibfk_371` FOREIGN KEY (`project_id`) REFERENCES `projects` (`id`) ON DELETE SET NULL ON UPDATE CASCADE,
  CONSTRAINT `tasks_ibfk_372` FOREIGN KEY (`created_by`) REFERENCES `users` (`id`) ON DELETE SET NULL ON UPDATE CASCADE,
  CONSTRAINT `tasks_ibfk_373` FOREIGN KEY (`assigned_to`) REFERENCES `users` (`id`) ON DELETE SET NULL ON UPDATE CASCADE,
  CONSTRAINT `tasks_ibfk_374` FOREIGN KEY (`completed_by`) REFERENCES `users` (`id`) ON DELETE SET NULL ON UPDATE CASCADE,
  CONSTRAINT `tasks_ibfk_375` FOREIGN KEY (`project_id`) REFERENCES `projects` (`id`) ON DELETE SET NULL ON UPDATE CASCADE,
  CONSTRAINT `tasks_ibfk_376` FOREIGN KEY (`created_by`) REFERENCES `users` (`id`) ON DELETE SET NULL ON UPDATE CASCADE,
  CONSTRAINT `tasks_ibfk_377` FOREIGN KEY (`assigned_to`) REFERENCES `users` (`id`) ON DELETE SET NULL ON UPDATE CASCADE,
  CONSTRAINT `tasks_ibfk_378` FOREIGN KEY (`completed_by`) REFERENCES `users` (`id`) ON DELETE SET NULL ON UPDATE CASCADE,
  CONSTRAINT `tasks_ibfk_379` FOREIGN KEY (`project_id`) REFERENCES `projects` (`id`) ON DELETE SET NULL ON UPDATE CASCADE,
  CONSTRAINT `tasks_ibfk_38` FOREIGN KEY (`completed_by`) REFERENCES `users` (`id`) ON DELETE SET NULL ON UPDATE CASCADE,
  CONSTRAINT `tasks_ibfk_380` FOREIGN KEY (`created_by`) REFERENCES `users` (`id`) ON DELETE SET NULL ON UPDATE CASCADE,
  CONSTRAINT `tasks_ibfk_381` FOREIGN KEY (`assigned_to`) REFERENCES `users` (`id`) ON DELETE SET NULL ON UPDATE CASCADE,
  CONSTRAINT `tasks_ibfk_382` FOREIGN KEY (`completed_by`) REFERENCES `users` (`id`) ON DELETE SET NULL ON UPDATE CASCADE,
  CONSTRAINT `tasks_ibfk_383` FOREIGN KEY (`project_id`) REFERENCES `projects` (`id`) ON DELETE SET NULL ON UPDATE CASCADE,
  CONSTRAINT `tasks_ibfk_384` FOREIGN KEY (`created_by`) REFERENCES `users` (`id`) ON DELETE SET NULL ON UPDATE CASCADE,
  CONSTRAINT `tasks_ibfk_385` FOREIGN KEY (`assigned_to`) REFERENCES `users` (`id`) ON DELETE SET NULL ON UPDATE CASCADE,
  CONSTRAINT `tasks_ibfk_386` FOREIGN KEY (`completed_by`) REFERENCES `users` (`id`) ON DELETE SET NULL ON UPDATE CASCADE,
  CONSTRAINT `tasks_ibfk_387` FOREIGN KEY (`project_id`) REFERENCES `projects` (`id`) ON DELETE SET NULL ON UPDATE CASCADE,
  CONSTRAINT `tasks_ibfk_388` FOREIGN KEY (`created_by`) REFERENCES `users` (`id`) ON DELETE SET NULL ON UPDATE CASCADE,
  CONSTRAINT `tasks_ibfk_389` FOREIGN KEY (`assigned_to`) REFERENCES `users` (`id`) ON DELETE SET NULL ON UPDATE CASCADE,
  CONSTRAINT `tasks_ibfk_39` FOREIGN KEY (`project_id`) REFERENCES `projects` (`id`) ON DELETE SET NULL ON UPDATE CASCADE,
  CONSTRAINT `tasks_ibfk_390` FOREIGN KEY (`completed_by`) REFERENCES `users` (`id`) ON DELETE SET NULL ON UPDATE CASCADE,
  CONSTRAINT `tasks_ibfk_391` FOREIGN KEY (`project_id`) REFERENCES `projects` (`id`) ON DELETE SET NULL ON UPDATE CASCADE,
  CONSTRAINT `tasks_ibfk_392` FOREIGN KEY (`created_by`) REFERENCES `users` (`id`) ON DELETE SET NULL ON UPDATE CASCADE,
  CONSTRAINT `tasks_ibfk_393` FOREIGN KEY (`assigned_to`) REFERENCES `users` (`id`) ON DELETE SET NULL ON UPDATE CASCADE,
  CONSTRAINT `tasks_ibfk_394` FOREIGN KEY (`completed_by`) REFERENCES `users` (`id`) ON DELETE SET NULL ON UPDATE CASCADE,
  CONSTRAINT `tasks_ibfk_395` FOREIGN KEY (`project_id`) REFERENCES `projects` (`id`) ON DELETE SET NULL ON UPDATE CASCADE,
  CONSTRAINT `tasks_ibfk_396` FOREIGN KEY (`created_by`) REFERENCES `users` (`id`) ON DELETE SET NULL ON UPDATE CASCADE,
  CONSTRAINT `tasks_ibfk_397` FOREIGN KEY (`assigned_to`) REFERENCES `users` (`id`) ON DELETE SET NULL ON UPDATE CASCADE,
  CONSTRAINT `tasks_ibfk_398` FOREIGN KEY (`completed_by`) REFERENCES `users` (`id`) ON DELETE SET NULL ON UPDATE CASCADE,
  CONSTRAINT `tasks_ibfk_399` FOREIGN KEY (`project_id`) REFERENCES `projects` (`id`) ON DELETE SET NULL ON UPDATE CASCADE,
  CONSTRAINT `tasks_ibfk_4` FOREIGN KEY (`completed_by`) REFERENCES `users` (`id`) ON DELETE SET NULL ON UPDATE CASCADE,
  CONSTRAINT `tasks_ibfk_40` FOREIGN KEY (`created_by`) REFERENCES `users` (`id`) ON DELETE SET NULL ON UPDATE CASCADE,
  CONSTRAINT `tasks_ibfk_400` FOREIGN KEY (`created_by`) REFERENCES `users` (`id`) ON DELETE SET NULL ON UPDATE CASCADE,
  CONSTRAINT `tasks_ibfk_401` FOREIGN KEY (`assigned_to`) REFERENCES `users` (`id`) ON DELETE SET NULL ON UPDATE CASCADE,
  CONSTRAINT `tasks_ibfk_402` FOREIGN KEY (`completed_by`) REFERENCES `users` (`id`) ON DELETE SET NULL ON UPDATE CASCADE,
  CONSTRAINT `tasks_ibfk_403` FOREIGN KEY (`project_id`) REFERENCES `projects` (`id`) ON DELETE SET NULL ON UPDATE CASCADE,
  CONSTRAINT `tasks_ibfk_404` FOREIGN KEY (`created_by`) REFERENCES `users` (`id`) ON DELETE SET NULL ON UPDATE CASCADE,
  CONSTRAINT `tasks_ibfk_405` FOREIGN KEY (`assigned_to`) REFERENCES `users` (`id`) ON DELETE SET NULL ON UPDATE CASCADE,
  CONSTRAINT `tasks_ibfk_406` FOREIGN KEY (`completed_by`) REFERENCES `users` (`id`) ON DELETE SET NULL ON UPDATE CASCADE,
  CONSTRAINT `tasks_ibfk_407` FOREIGN KEY (`project_id`) REFERENCES `projects` (`id`) ON DELETE SET NULL ON UPDATE CASCADE,
  CONSTRAINT `tasks_ibfk_408` FOREIGN KEY (`created_by`) REFERENCES `users` (`id`) ON DELETE SET NULL ON UPDATE CASCADE,
  CONSTRAINT `tasks_ibfk_409` FOREIGN KEY (`assigned_to`) REFERENCES `users` (`id`) ON DELETE SET NULL ON UPDATE CASCADE,
  CONSTRAINT `tasks_ibfk_41` FOREIGN KEY (`assigned_to`) REFERENCES `users` (`id`) ON DELETE SET NULL ON UPDATE CASCADE,
  CONSTRAINT `tasks_ibfk_410` FOREIGN KEY (`completed_by`) REFERENCES `users` (`id`) ON DELETE SET NULL ON UPDATE CASCADE,
  CONSTRAINT `tasks_ibfk_411` FOREIGN KEY (`project_id`) REFERENCES `projects` (`id`) ON DELETE SET NULL ON UPDATE CASCADE,
  CONSTRAINT `tasks_ibfk_412` FOREIGN KEY (`created_by`) REFERENCES `users` (`id`) ON DELETE SET NULL ON UPDATE CASCADE,
  CONSTRAINT `tasks_ibfk_413` FOREIGN KEY (`assigned_to`) REFERENCES `users` (`id`) ON DELETE SET NULL ON UPDATE CASCADE,
  CONSTRAINT `tasks_ibfk_414` FOREIGN KEY (`completed_by`) REFERENCES `users` (`id`) ON DELETE SET NULL ON UPDATE CASCADE,
  CONSTRAINT `tasks_ibfk_415` FOREIGN KEY (`project_id`) REFERENCES `projects` (`id`) ON DELETE SET NULL ON UPDATE CASCADE,
  CONSTRAINT `tasks_ibfk_416` FOREIGN KEY (`created_by`) REFERENCES `users` (`id`) ON DELETE SET NULL ON UPDATE CASCADE,
  CONSTRAINT `tasks_ibfk_417` FOREIGN KEY (`assigned_to`) REFERENCES `users` (`id`) ON DELETE SET NULL ON UPDATE CASCADE,
  CONSTRAINT `tasks_ibfk_418` FOREIGN KEY (`completed_by`) REFERENCES `users` (`id`) ON DELETE SET NULL ON UPDATE CASCADE,
  CONSTRAINT `tasks_ibfk_419` FOREIGN KEY (`project_id`) REFERENCES `projects` (`id`) ON DELETE SET NULL ON UPDATE CASCADE,
  CONSTRAINT `tasks_ibfk_42` FOREIGN KEY (`completed_by`) REFERENCES `users` (`id`) ON DELETE SET NULL ON UPDATE CASCADE,
  CONSTRAINT `tasks_ibfk_420` FOREIGN KEY (`created_by`) REFERENCES `users` (`id`) ON DELETE SET NULL ON UPDATE CASCADE,
  CONSTRAINT `tasks_ibfk_421` FOREIGN KEY (`assigned_to`) REFERENCES `users` (`id`) ON DELETE SET NULL ON UPDATE CASCADE,
  CONSTRAINT `tasks_ibfk_422` FOREIGN KEY (`completed_by`) REFERENCES `users` (`id`) ON DELETE SET NULL ON UPDATE CASCADE,
  CONSTRAINT `tasks_ibfk_423` FOREIGN KEY (`project_id`) REFERENCES `projects` (`id`) ON DELETE SET NULL ON UPDATE CASCADE,
  CONSTRAINT `tasks_ibfk_424` FOREIGN KEY (`created_by`) REFERENCES `users` (`id`) ON DELETE SET NULL ON UPDATE CASCADE,
  CONSTRAINT `tasks_ibfk_425` FOREIGN KEY (`assigned_to`) REFERENCES `users` (`id`) ON DELETE SET NULL ON UPDATE CASCADE,
  CONSTRAINT `tasks_ibfk_426` FOREIGN KEY (`completed_by`) REFERENCES `users` (`id`) ON DELETE SET NULL ON UPDATE CASCADE,
  CONSTRAINT `tasks_ibfk_427` FOREIGN KEY (`project_id`) REFERENCES `projects` (`id`) ON DELETE SET NULL ON UPDATE CASCADE,
  CONSTRAINT `tasks_ibfk_428` FOREIGN KEY (`created_by`) REFERENCES `users` (`id`) ON DELETE SET NULL ON UPDATE CASCADE,
  CONSTRAINT `tasks_ibfk_429` FOREIGN KEY (`assigned_to`) REFERENCES `users` (`id`) ON DELETE SET NULL ON UPDATE CASCADE,
  CONSTRAINT `tasks_ibfk_43` FOREIGN KEY (`project_id`) REFERENCES `projects` (`id`) ON DELETE SET NULL ON UPDATE CASCADE,
  CONSTRAINT `tasks_ibfk_430` FOREIGN KEY (`completed_by`) REFERENCES `users` (`id`) ON DELETE SET NULL ON UPDATE CASCADE,
  CONSTRAINT `tasks_ibfk_431` FOREIGN KEY (`project_id`) REFERENCES `projects` (`id`) ON DELETE SET NULL ON UPDATE CASCADE,
  CONSTRAINT `tasks_ibfk_432` FOREIGN KEY (`created_by`) REFERENCES `users` (`id`) ON DELETE SET NULL ON UPDATE CASCADE,
  CONSTRAINT `tasks_ibfk_433` FOREIGN KEY (`assigned_to`) REFERENCES `users` (`id`) ON DELETE SET NULL ON UPDATE CASCADE,
  CONSTRAINT `tasks_ibfk_434` FOREIGN KEY (`completed_by`) REFERENCES `users` (`id`) ON DELETE SET NULL ON UPDATE CASCADE,
  CONSTRAINT `tasks_ibfk_435` FOREIGN KEY (`project_id`) REFERENCES `projects` (`id`) ON DELETE SET NULL ON UPDATE CASCADE,
  CONSTRAINT `tasks_ibfk_436` FOREIGN KEY (`created_by`) REFERENCES `users` (`id`) ON DELETE SET NULL ON UPDATE CASCADE,
  CONSTRAINT `tasks_ibfk_437` FOREIGN KEY (`assigned_to`) REFERENCES `users` (`id`) ON DELETE SET NULL ON UPDATE CASCADE,
  CONSTRAINT `tasks_ibfk_438` FOREIGN KEY (`completed_by`) REFERENCES `users` (`id`) ON DELETE SET NULL ON UPDATE CASCADE,
  CONSTRAINT `tasks_ibfk_439` FOREIGN KEY (`project_id`) REFERENCES `projects` (`id`) ON DELETE SET NULL ON UPDATE CASCADE,
  CONSTRAINT `tasks_ibfk_44` FOREIGN KEY (`created_by`) REFERENCES `users` (`id`) ON DELETE SET NULL ON UPDATE CASCADE,
  CONSTRAINT `tasks_ibfk_440` FOREIGN KEY (`created_by`) REFERENCES `users` (`id`) ON DELETE SET NULL ON UPDATE CASCADE,
  CONSTRAINT `tasks_ibfk_441` FOREIGN KEY (`assigned_to`) REFERENCES `users` (`id`) ON DELETE SET NULL ON UPDATE CASCADE,
  CONSTRAINT `tasks_ibfk_442` FOREIGN KEY (`completed_by`) REFERENCES `users` (`id`) ON DELETE SET NULL ON UPDATE CASCADE,
  CONSTRAINT `tasks_ibfk_443` FOREIGN KEY (`project_id`) REFERENCES `projects` (`id`) ON DELETE SET NULL ON UPDATE CASCADE,
  CONSTRAINT `tasks_ibfk_444` FOREIGN KEY (`created_by`) REFERENCES `users` (`id`) ON DELETE SET NULL ON UPDATE CASCADE,
  CONSTRAINT `tasks_ibfk_445` FOREIGN KEY (`assigned_to`) REFERENCES `users` (`id`) ON DELETE SET NULL ON UPDATE CASCADE,
  CONSTRAINT `tasks_ibfk_446` FOREIGN KEY (`completed_by`) REFERENCES `users` (`id`) ON DELETE SET NULL ON UPDATE CASCADE,
  CONSTRAINT `tasks_ibfk_447` FOREIGN KEY (`project_id`) REFERENCES `projects` (`id`) ON DELETE SET NULL ON UPDATE CASCADE,
  CONSTRAINT `tasks_ibfk_448` FOREIGN KEY (`created_by`) REFERENCES `users` (`id`) ON DELETE SET NULL ON UPDATE CASCADE,
  CONSTRAINT `tasks_ibfk_449` FOREIGN KEY (`assigned_to`) REFERENCES `users` (`id`) ON DELETE SET NULL ON UPDATE CASCADE,
  CONSTRAINT `tasks_ibfk_45` FOREIGN KEY (`assigned_to`) REFERENCES `users` (`id`) ON DELETE SET NULL ON UPDATE CASCADE,
  CONSTRAINT `tasks_ibfk_450` FOREIGN KEY (`completed_by`) REFERENCES `users` (`id`) ON DELETE SET NULL ON UPDATE CASCADE,
  CONSTRAINT `tasks_ibfk_451` FOREIGN KEY (`project_id`) REFERENCES `projects` (`id`) ON DELETE SET NULL ON UPDATE CASCADE,
  CONSTRAINT `tasks_ibfk_452` FOREIGN KEY (`created_by`) REFERENCES `users` (`id`) ON DELETE SET NULL ON UPDATE CASCADE,
  CONSTRAINT `tasks_ibfk_453` FOREIGN KEY (`assigned_to`) REFERENCES `users` (`id`) ON DELETE SET NULL ON UPDATE CASCADE,
  CONSTRAINT `tasks_ibfk_454` FOREIGN KEY (`completed_by`) REFERENCES `users` (`id`) ON DELETE SET NULL ON UPDATE CASCADE,
  CONSTRAINT `tasks_ibfk_455` FOREIGN KEY (`project_id`) REFERENCES `projects` (`id`) ON DELETE SET NULL ON UPDATE CASCADE,
  CONSTRAINT `tasks_ibfk_456` FOREIGN KEY (`created_by`) REFERENCES `users` (`id`) ON DELETE SET NULL ON UPDATE CASCADE,
  CONSTRAINT `tasks_ibfk_457` FOREIGN KEY (`assigned_to`) REFERENCES `users` (`id`) ON DELETE SET NULL ON UPDATE CASCADE,
  CONSTRAINT `tasks_ibfk_458` FOREIGN KEY (`completed_by`) REFERENCES `users` (`id`) ON DELETE SET NULL ON UPDATE CASCADE,
  CONSTRAINT `tasks_ibfk_459` FOREIGN KEY (`project_id`) REFERENCES `projects` (`id`) ON DELETE SET NULL ON UPDATE CASCADE,
  CONSTRAINT `tasks_ibfk_46` FOREIGN KEY (`completed_by`) REFERENCES `users` (`id`) ON DELETE SET NULL ON UPDATE CASCADE,
  CONSTRAINT `tasks_ibfk_460` FOREIGN KEY (`created_by`) REFERENCES `users` (`id`) ON DELETE SET NULL ON UPDATE CASCADE,
  CONSTRAINT `tasks_ibfk_461` FOREIGN KEY (`assigned_to`) REFERENCES `users` (`id`) ON DELETE SET NULL ON UPDATE CASCADE,
  CONSTRAINT `tasks_ibfk_462` FOREIGN KEY (`completed_by`) REFERENCES `users` (`id`) ON DELETE SET NULL ON UPDATE CASCADE,
  CONSTRAINT `tasks_ibfk_463` FOREIGN KEY (`project_id`) REFERENCES `projects` (`id`) ON DELETE SET NULL ON UPDATE CASCADE,
  CONSTRAINT `tasks_ibfk_464` FOREIGN KEY (`created_by`) REFERENCES `users` (`id`) ON DELETE SET NULL ON UPDATE CASCADE,
  CONSTRAINT `tasks_ibfk_465` FOREIGN KEY (`assigned_to`) REFERENCES `users` (`id`) ON DELETE SET NULL ON UPDATE CASCADE,
  CONSTRAINT `tasks_ibfk_466` FOREIGN KEY (`completed_by`) REFERENCES `users` (`id`) ON DELETE SET NULL ON UPDATE CASCADE,
  CONSTRAINT `tasks_ibfk_467` FOREIGN KEY (`project_id`) REFERENCES `projects` (`id`) ON DELETE SET NULL ON UPDATE CASCADE,
  CONSTRAINT `tasks_ibfk_468` FOREIGN KEY (`created_by`) REFERENCES `users` (`id`) ON DELETE SET NULL ON UPDATE CASCADE,
  CONSTRAINT `tasks_ibfk_469` FOREIGN KEY (`assigned_to`) REFERENCES `users` (`id`) ON DELETE SET NULL ON UPDATE CASCADE,
  CONSTRAINT `tasks_ibfk_47` FOREIGN KEY (`project_id`) REFERENCES `projects` (`id`) ON DELETE SET NULL ON UPDATE CASCADE,
  CONSTRAINT `tasks_ibfk_470` FOREIGN KEY (`completed_by`) REFERENCES `users` (`id`) ON DELETE SET NULL ON UPDATE CASCADE,
  CONSTRAINT `tasks_ibfk_471` FOREIGN KEY (`project_id`) REFERENCES `projects` (`id`) ON DELETE SET NULL ON UPDATE CASCADE,
  CONSTRAINT `tasks_ibfk_472` FOREIGN KEY (`project_id`) REFERENCES `projects` (`id`) ON DELETE SET NULL ON UPDATE CASCADE,
  CONSTRAINT `tasks_ibfk_473` FOREIGN KEY (`created_by`) REFERENCES `users` (`id`) ON DELETE SET NULL ON UPDATE CASCADE,
  CONSTRAINT `tasks_ibfk_474` FOREIGN KEY (`assigned_to`) REFERENCES `users` (`id`) ON DELETE SET NULL ON UPDATE CASCADE,
  CONSTRAINT `tasks_ibfk_475` FOREIGN KEY (`completed_by`) REFERENCES `users` (`id`) ON DELETE SET NULL ON UPDATE CASCADE,
  CONSTRAINT `tasks_ibfk_476` FOREIGN KEY (`project_id`) REFERENCES `projects` (`id`) ON DELETE SET NULL ON UPDATE CASCADE,
  CONSTRAINT `tasks_ibfk_477` FOREIGN KEY (`created_by`) REFERENCES `users` (`id`) ON DELETE SET NULL ON UPDATE CASCADE,
  CONSTRAINT `tasks_ibfk_478` FOREIGN KEY (`assigned_to`) REFERENCES `users` (`id`) ON DELETE SET NULL ON UPDATE CASCADE,
  CONSTRAINT `tasks_ibfk_479` FOREIGN KEY (`completed_by`) REFERENCES `users` (`id`) ON DELETE SET NULL ON UPDATE CASCADE,
  CONSTRAINT `tasks_ibfk_48` FOREIGN KEY (`created_by`) REFERENCES `users` (`id`) ON DELETE SET NULL ON UPDATE CASCADE,
  CONSTRAINT `tasks_ibfk_480` FOREIGN KEY (`project_id`) REFERENCES `projects` (`id`) ON DELETE SET NULL ON UPDATE CASCADE,
  CONSTRAINT `tasks_ibfk_481` FOREIGN KEY (`created_by`) REFERENCES `users` (`id`) ON DELETE SET NULL ON UPDATE CASCADE,
  CONSTRAINT `tasks_ibfk_482` FOREIGN KEY (`assigned_to`) REFERENCES `users` (`id`) ON DELETE SET NULL ON UPDATE CASCADE,
  CONSTRAINT `tasks_ibfk_483` FOREIGN KEY (`completed_by`) REFERENCES `users` (`id`) ON DELETE SET NULL ON UPDATE CASCADE,
  CONSTRAINT `tasks_ibfk_484` FOREIGN KEY (`project_id`) REFERENCES `projects` (`id`) ON DELETE SET NULL ON UPDATE CASCADE,
  CONSTRAINT `tasks_ibfk_485` FOREIGN KEY (`created_by`) REFERENCES `users` (`id`) ON DELETE SET NULL ON UPDATE CASCADE,
  CONSTRAINT `tasks_ibfk_486` FOREIGN KEY (`assigned_to`) REFERENCES `users` (`id`) ON DELETE SET NULL ON UPDATE CASCADE,
  CONSTRAINT `tasks_ibfk_487` FOREIGN KEY (`completed_by`) REFERENCES `users` (`id`) ON DELETE SET NULL ON UPDATE CASCADE,
  CONSTRAINT `tasks_ibfk_488` FOREIGN KEY (`project_id`) REFERENCES `projects` (`id`) ON DELETE SET NULL ON UPDATE CASCADE,
  CONSTRAINT `tasks_ibfk_489` FOREIGN KEY (`created_by`) REFERENCES `users` (`id`) ON DELETE SET NULL ON UPDATE CASCADE,
  CONSTRAINT `tasks_ibfk_49` FOREIGN KEY (`assigned_to`) REFERENCES `users` (`id`) ON DELETE SET NULL ON UPDATE CASCADE,
  CONSTRAINT `tasks_ibfk_490` FOREIGN KEY (`assigned_to`) REFERENCES `users` (`id`) ON DELETE SET NULL ON UPDATE CASCADE,
  CONSTRAINT `tasks_ibfk_491` FOREIGN KEY (`completed_by`) REFERENCES `users` (`id`) ON DELETE SET NULL ON UPDATE CASCADE,
  CONSTRAINT `tasks_ibfk_492` FOREIGN KEY (`project_id`) REFERENCES `projects` (`id`) ON DELETE SET NULL ON UPDATE CASCADE,
  CONSTRAINT `tasks_ibfk_493` FOREIGN KEY (`created_by`) REFERENCES `users` (`id`) ON DELETE SET NULL ON UPDATE CASCADE,
  CONSTRAINT `tasks_ibfk_494` FOREIGN KEY (`assigned_to`) REFERENCES `users` (`id`) ON DELETE SET NULL ON UPDATE CASCADE,
  CONSTRAINT `tasks_ibfk_495` FOREIGN KEY (`completed_by`) REFERENCES `users` (`id`) ON DELETE SET NULL ON UPDATE CASCADE,
  CONSTRAINT `tasks_ibfk_496` FOREIGN KEY (`project_id`) REFERENCES `projects` (`id`) ON DELETE SET NULL ON UPDATE CASCADE,
  CONSTRAINT `tasks_ibfk_497` FOREIGN KEY (`created_by`) REFERENCES `users` (`id`) ON DELETE SET NULL ON UPDATE CASCADE,
  CONSTRAINT `tasks_ibfk_498` FOREIGN KEY (`assigned_to`) REFERENCES `users` (`id`) ON DELETE SET NULL ON UPDATE CASCADE,
  CONSTRAINT `tasks_ibfk_499` FOREIGN KEY (`completed_by`) REFERENCES `users` (`id`) ON DELETE SET NULL ON UPDATE CASCADE,
  CONSTRAINT `tasks_ibfk_5` FOREIGN KEY (`project_id`) REFERENCES `projects` (`id`) ON DELETE SET NULL ON UPDATE CASCADE,
  CONSTRAINT `tasks_ibfk_50` FOREIGN KEY (`completed_by`) REFERENCES `users` (`id`) ON DELETE SET NULL ON UPDATE CASCADE,
  CONSTRAINT `tasks_ibfk_500` FOREIGN KEY (`project_id`) REFERENCES `projects` (`id`) ON DELETE SET NULL ON UPDATE CASCADE,
  CONSTRAINT `tasks_ibfk_501` FOREIGN KEY (`created_by`) REFERENCES `users` (`id`) ON DELETE SET NULL ON UPDATE CASCADE,
  CONSTRAINT `tasks_ibfk_502` FOREIGN KEY (`assigned_to`) REFERENCES `users` (`id`) ON DELETE SET NULL ON UPDATE CASCADE,
  CONSTRAINT `tasks_ibfk_503` FOREIGN KEY (`completed_by`) REFERENCES `users` (`id`) ON DELETE SET NULL ON UPDATE CASCADE,
  CONSTRAINT `tasks_ibfk_504` FOREIGN KEY (`project_id`) REFERENCES `projects` (`id`) ON DELETE SET NULL ON UPDATE CASCADE,
  CONSTRAINT `tasks_ibfk_505` FOREIGN KEY (`created_by`) REFERENCES `users` (`id`) ON DELETE SET NULL ON UPDATE CASCADE,
  CONSTRAINT `tasks_ibfk_506` FOREIGN KEY (`assigned_to`) REFERENCES `users` (`id`) ON DELETE SET NULL ON UPDATE CASCADE,
  CONSTRAINT `tasks_ibfk_507` FOREIGN KEY (`completed_by`) REFERENCES `users` (`id`) ON DELETE SET NULL ON UPDATE CASCADE,
  CONSTRAINT `tasks_ibfk_508` FOREIGN KEY (`project_id`) REFERENCES `projects` (`id`) ON DELETE SET NULL ON UPDATE CASCADE,
  CONSTRAINT `tasks_ibfk_509` FOREIGN KEY (`created_by`) REFERENCES `users` (`id`) ON DELETE SET NULL ON UPDATE CASCADE,
  CONSTRAINT `tasks_ibfk_51` FOREIGN KEY (`project_id`) REFERENCES `projects` (`id`) ON DELETE SET NULL ON UPDATE CASCADE,
  CONSTRAINT `tasks_ibfk_510` FOREIGN KEY (`assigned_to`) REFERENCES `users` (`id`) ON DELETE SET NULL ON UPDATE CASCADE,
  CONSTRAINT `tasks_ibfk_511` FOREIGN KEY (`completed_by`) REFERENCES `users` (`id`) ON DELETE SET NULL ON UPDATE CASCADE,
  CONSTRAINT `tasks_ibfk_512` FOREIGN KEY (`project_id`) REFERENCES `projects` (`id`) ON DELETE SET NULL ON UPDATE CASCADE,
  CONSTRAINT `tasks_ibfk_513` FOREIGN KEY (`created_by`) REFERENCES `users` (`id`) ON DELETE SET NULL ON UPDATE CASCADE,
  CONSTRAINT `tasks_ibfk_514` FOREIGN KEY (`assigned_to`) REFERENCES `users` (`id`) ON DELETE SET NULL ON UPDATE CASCADE,
  CONSTRAINT `tasks_ibfk_515` FOREIGN KEY (`completed_by`) REFERENCES `users` (`id`) ON DELETE SET NULL ON UPDATE CASCADE,
  CONSTRAINT `tasks_ibfk_516` FOREIGN KEY (`project_id`) REFERENCES `projects` (`id`) ON DELETE SET NULL ON UPDATE CASCADE,
  CONSTRAINT `tasks_ibfk_517` FOREIGN KEY (`created_by`) REFERENCES `users` (`id`) ON DELETE SET NULL ON UPDATE CASCADE,
  CONSTRAINT `tasks_ibfk_518` FOREIGN KEY (`assigned_to`) REFERENCES `users` (`id`) ON DELETE SET NULL ON UPDATE CASCADE,
  CONSTRAINT `tasks_ibfk_519` FOREIGN KEY (`completed_by`) REFERENCES `users` (`id`) ON DELETE SET NULL ON UPDATE CASCADE,
  CONSTRAINT `tasks_ibfk_52` FOREIGN KEY (`created_by`) REFERENCES `users` (`id`) ON DELETE SET NULL ON UPDATE CASCADE,
  CONSTRAINT `tasks_ibfk_520` FOREIGN KEY (`project_id`) REFERENCES `projects` (`id`) ON DELETE SET NULL ON UPDATE CASCADE,
  CONSTRAINT `tasks_ibfk_521` FOREIGN KEY (`created_by`) REFERENCES `users` (`id`) ON DELETE SET NULL ON UPDATE CASCADE,
  CONSTRAINT `tasks_ibfk_522` FOREIGN KEY (`assigned_to`) REFERENCES `users` (`id`) ON DELETE SET NULL ON UPDATE CASCADE,
  CONSTRAINT `tasks_ibfk_523` FOREIGN KEY (`completed_by`) REFERENCES `users` (`id`) ON DELETE SET NULL ON UPDATE CASCADE,
  CONSTRAINT `tasks_ibfk_524` FOREIGN KEY (`project_id`) REFERENCES `projects` (`id`) ON DELETE SET NULL ON UPDATE CASCADE,
  CONSTRAINT `tasks_ibfk_525` FOREIGN KEY (`created_by`) REFERENCES `users` (`id`) ON DELETE SET NULL ON UPDATE CASCADE,
  CONSTRAINT `tasks_ibfk_526` FOREIGN KEY (`assigned_to`) REFERENCES `users` (`id`) ON DELETE SET NULL ON UPDATE CASCADE,
  CONSTRAINT `tasks_ibfk_527` FOREIGN KEY (`completed_by`) REFERENCES `users` (`id`) ON DELETE SET NULL ON UPDATE CASCADE,
  CONSTRAINT `tasks_ibfk_528` FOREIGN KEY (`project_id`) REFERENCES `projects` (`id`) ON DELETE SET NULL ON UPDATE CASCADE,
  CONSTRAINT `tasks_ibfk_529` FOREIGN KEY (`created_by`) REFERENCES `users` (`id`) ON DELETE SET NULL ON UPDATE CASCADE,
  CONSTRAINT `tasks_ibfk_53` FOREIGN KEY (`assigned_to`) REFERENCES `users` (`id`) ON DELETE SET NULL ON UPDATE CASCADE,
  CONSTRAINT `tasks_ibfk_530` FOREIGN KEY (`assigned_to`) REFERENCES `users` (`id`) ON DELETE SET NULL ON UPDATE CASCADE,
  CONSTRAINT `tasks_ibfk_531` FOREIGN KEY (`completed_by`) REFERENCES `users` (`id`) ON DELETE SET NULL ON UPDATE CASCADE,
  CONSTRAINT `tasks_ibfk_532` FOREIGN KEY (`project_id`) REFERENCES `projects` (`id`) ON DELETE SET NULL ON UPDATE CASCADE,
  CONSTRAINT `tasks_ibfk_533` FOREIGN KEY (`created_by`) REFERENCES `users` (`id`) ON DELETE SET NULL ON UPDATE CASCADE,
  CONSTRAINT `tasks_ibfk_534` FOREIGN KEY (`assigned_to`) REFERENCES `users` (`id`) ON DELETE SET NULL ON UPDATE CASCADE,
  CONSTRAINT `tasks_ibfk_535` FOREIGN KEY (`completed_by`) REFERENCES `users` (`id`) ON DELETE SET NULL ON UPDATE CASCADE,
  CONSTRAINT `tasks_ibfk_536` FOREIGN KEY (`project_id`) REFERENCES `projects` (`id`) ON DELETE SET NULL ON UPDATE CASCADE,
  CONSTRAINT `tasks_ibfk_537` FOREIGN KEY (`created_by`) REFERENCES `users` (`id`) ON DELETE SET NULL ON UPDATE CASCADE,
  CONSTRAINT `tasks_ibfk_538` FOREIGN KEY (`assigned_to`) REFERENCES `users` (`id`) ON DELETE SET NULL ON UPDATE CASCADE,
  CONSTRAINT `tasks_ibfk_539` FOREIGN KEY (`completed_by`) REFERENCES `users` (`id`) ON DELETE SET NULL ON UPDATE CASCADE,
  CONSTRAINT `tasks_ibfk_54` FOREIGN KEY (`completed_by`) REFERENCES `users` (`id`) ON DELETE SET NULL ON UPDATE CASCADE,
  CONSTRAINT `tasks_ibfk_540` FOREIGN KEY (`project_id`) REFERENCES `projects` (`id`) ON DELETE SET NULL ON UPDATE CASCADE,
  CONSTRAINT `tasks_ibfk_541` FOREIGN KEY (`project_id`) REFERENCES `projects` (`id`) ON DELETE SET NULL ON UPDATE CASCADE,
  CONSTRAINT `tasks_ibfk_542` FOREIGN KEY (`project_id`) REFERENCES `projects` (`id`) ON DELETE SET NULL ON UPDATE CASCADE,
  CONSTRAINT `tasks_ibfk_543` FOREIGN KEY (`created_by`) REFERENCES `users` (`id`) ON DELETE SET NULL ON UPDATE CASCADE,
  CONSTRAINT `tasks_ibfk_544` FOREIGN KEY (`assigned_to`) REFERENCES `users` (`id`) ON DELETE SET NULL ON UPDATE CASCADE,
  CONSTRAINT `tasks_ibfk_545` FOREIGN KEY (`completed_by`) REFERENCES `users` (`id`) ON DELETE SET NULL ON UPDATE CASCADE,
  CONSTRAINT `tasks_ibfk_546` FOREIGN KEY (`project_id`) REFERENCES `projects` (`id`) ON DELETE SET NULL ON UPDATE CASCADE,
  CONSTRAINT `tasks_ibfk_547` FOREIGN KEY (`created_by`) REFERENCES `users` (`id`) ON DELETE SET NULL ON UPDATE CASCADE,
  CONSTRAINT `tasks_ibfk_548` FOREIGN KEY (`assigned_to`) REFERENCES `users` (`id`) ON DELETE SET NULL ON UPDATE CASCADE,
  CONSTRAINT `tasks_ibfk_549` FOREIGN KEY (`completed_by`) REFERENCES `users` (`id`) ON DELETE SET NULL ON UPDATE CASCADE,
  CONSTRAINT `tasks_ibfk_55` FOREIGN KEY (`project_id`) REFERENCES `projects` (`id`) ON DELETE SET NULL ON UPDATE CASCADE,
  CONSTRAINT `tasks_ibfk_550` FOREIGN KEY (`project_id`) REFERENCES `projects` (`id`) ON DELETE SET NULL ON UPDATE CASCADE,
  CONSTRAINT `tasks_ibfk_551` FOREIGN KEY (`created_by`) REFERENCES `users` (`id`) ON DELETE SET NULL ON UPDATE CASCADE,
  CONSTRAINT `tasks_ibfk_552` FOREIGN KEY (`assigned_to`) REFERENCES `users` (`id`) ON DELETE SET NULL ON UPDATE CASCADE,
  CONSTRAINT `tasks_ibfk_553` FOREIGN KEY (`completed_by`) REFERENCES `users` (`id`) ON DELETE SET NULL ON UPDATE CASCADE,
  CONSTRAINT `tasks_ibfk_554` FOREIGN KEY (`project_id`) REFERENCES `projects` (`id`) ON DELETE SET NULL ON UPDATE CASCADE,
  CONSTRAINT `tasks_ibfk_555` FOREIGN KEY (`created_by`) REFERENCES `users` (`id`) ON DELETE SET NULL ON UPDATE CASCADE,
  CONSTRAINT `tasks_ibfk_556` FOREIGN KEY (`assigned_to`) REFERENCES `users` (`id`) ON DELETE SET NULL ON UPDATE CASCADE,
  CONSTRAINT `tasks_ibfk_557` FOREIGN KEY (`completed_by`) REFERENCES `users` (`id`) ON DELETE SET NULL ON UPDATE CASCADE,
  CONSTRAINT `tasks_ibfk_558` FOREIGN KEY (`project_id`) REFERENCES `projects` (`id`) ON DELETE SET NULL ON UPDATE CASCADE,
  CONSTRAINT `tasks_ibfk_559` FOREIGN KEY (`created_by`) REFERENCES `users` (`id`) ON DELETE SET NULL ON UPDATE CASCADE,
  CONSTRAINT `tasks_ibfk_56` FOREIGN KEY (`created_by`) REFERENCES `users` (`id`) ON DELETE SET NULL ON UPDATE CASCADE,
  CONSTRAINT `tasks_ibfk_560` FOREIGN KEY (`assigned_to`) REFERENCES `users` (`id`) ON DELETE SET NULL ON UPDATE CASCADE,
  CONSTRAINT `tasks_ibfk_561` FOREIGN KEY (`completed_by`) REFERENCES `users` (`id`) ON DELETE SET NULL ON UPDATE CASCADE,
  CONSTRAINT `tasks_ibfk_562` FOREIGN KEY (`project_id`) REFERENCES `projects` (`id`) ON DELETE SET NULL ON UPDATE CASCADE,
  CONSTRAINT `tasks_ibfk_563` FOREIGN KEY (`created_by`) REFERENCES `users` (`id`) ON DELETE SET NULL ON UPDATE CASCADE,
  CONSTRAINT `tasks_ibfk_564` FOREIGN KEY (`assigned_to`) REFERENCES `users` (`id`) ON DELETE SET NULL ON UPDATE CASCADE,
  CONSTRAINT `tasks_ibfk_565` FOREIGN KEY (`completed_by`) REFERENCES `users` (`id`) ON DELETE SET NULL ON UPDATE CASCADE,
  CONSTRAINT `tasks_ibfk_566` FOREIGN KEY (`project_id`) REFERENCES `projects` (`id`) ON DELETE SET NULL ON UPDATE CASCADE,
  CONSTRAINT `tasks_ibfk_567` FOREIGN KEY (`created_by`) REFERENCES `users` (`id`) ON DELETE SET NULL ON UPDATE CASCADE,
  CONSTRAINT `tasks_ibfk_568` FOREIGN KEY (`assigned_to`) REFERENCES `users` (`id`) ON DELETE SET NULL ON UPDATE CASCADE,
  CONSTRAINT `tasks_ibfk_569` FOREIGN KEY (`completed_by`) REFERENCES `users` (`id`) ON DELETE SET NULL ON UPDATE CASCADE,
  CONSTRAINT `tasks_ibfk_57` FOREIGN KEY (`assigned_to`) REFERENCES `users` (`id`) ON DELETE SET NULL ON UPDATE CASCADE,
  CONSTRAINT `tasks_ibfk_570` FOREIGN KEY (`project_id`) REFERENCES `projects` (`id`) ON DELETE SET NULL ON UPDATE CASCADE,
  CONSTRAINT `tasks_ibfk_571` FOREIGN KEY (`created_by`) REFERENCES `users` (`id`) ON DELETE SET NULL ON UPDATE CASCADE,
  CONSTRAINT `tasks_ibfk_572` FOREIGN KEY (`assigned_to`) REFERENCES `users` (`id`) ON DELETE SET NULL ON UPDATE CASCADE,
  CONSTRAINT `tasks_ibfk_573` FOREIGN KEY (`completed_by`) REFERENCES `users` (`id`) ON DELETE SET NULL ON UPDATE CASCADE,
  CONSTRAINT `tasks_ibfk_574` FOREIGN KEY (`project_id`) REFERENCES `projects` (`id`) ON DELETE SET NULL ON UPDATE CASCADE,
  CONSTRAINT `tasks_ibfk_575` FOREIGN KEY (`created_by`) REFERENCES `users` (`id`) ON DELETE SET NULL ON UPDATE CASCADE,
  CONSTRAINT `tasks_ibfk_576` FOREIGN KEY (`assigned_to`) REFERENCES `users` (`id`) ON DELETE SET NULL ON UPDATE CASCADE,
  CONSTRAINT `tasks_ibfk_577` FOREIGN KEY (`completed_by`) REFERENCES `users` (`id`) ON DELETE SET NULL ON UPDATE CASCADE,
  CONSTRAINT `tasks_ibfk_578` FOREIGN KEY (`project_id`) REFERENCES `projects` (`id`) ON DELETE SET NULL ON UPDATE CASCADE,
  CONSTRAINT `tasks_ibfk_579` FOREIGN KEY (`created_by`) REFERENCES `users` (`id`) ON DELETE SET NULL ON UPDATE CASCADE,
  CONSTRAINT `tasks_ibfk_58` FOREIGN KEY (`completed_by`) REFERENCES `users` (`id`) ON DELETE SET NULL ON UPDATE CASCADE,
  CONSTRAINT `tasks_ibfk_580` FOREIGN KEY (`assigned_to`) REFERENCES `users` (`id`) ON DELETE SET NULL ON UPDATE CASCADE,
  CONSTRAINT `tasks_ibfk_581` FOREIGN KEY (`completed_by`) REFERENCES `users` (`id`) ON DELETE SET NULL ON UPDATE CASCADE,
  CONSTRAINT `tasks_ibfk_582` FOREIGN KEY (`project_id`) REFERENCES `projects` (`id`) ON DELETE SET NULL ON UPDATE CASCADE,
  CONSTRAINT `tasks_ibfk_583` FOREIGN KEY (`created_by`) REFERENCES `users` (`id`) ON DELETE SET NULL ON UPDATE CASCADE,
  CONSTRAINT `tasks_ibfk_584` FOREIGN KEY (`assigned_to`) REFERENCES `users` (`id`) ON DELETE SET NULL ON UPDATE CASCADE,
  CONSTRAINT `tasks_ibfk_585` FOREIGN KEY (`completed_by`) REFERENCES `users` (`id`) ON DELETE SET NULL ON UPDATE CASCADE,
  CONSTRAINT `tasks_ibfk_586` FOREIGN KEY (`project_id`) REFERENCES `projects` (`id`) ON DELETE SET NULL ON UPDATE CASCADE,
  CONSTRAINT `tasks_ibfk_587` FOREIGN KEY (`created_by`) REFERENCES `users` (`id`) ON DELETE SET NULL ON UPDATE CASCADE,
  CONSTRAINT `tasks_ibfk_588` FOREIGN KEY (`assigned_to`) REFERENCES `users` (`id`) ON DELETE SET NULL ON UPDATE CASCADE,
  CONSTRAINT `tasks_ibfk_589` FOREIGN KEY (`completed_by`) REFERENCES `users` (`id`) ON DELETE SET NULL ON UPDATE CASCADE,
  CONSTRAINT `tasks_ibfk_59` FOREIGN KEY (`project_id`) REFERENCES `projects` (`id`) ON DELETE SET NULL ON UPDATE CASCADE,
  CONSTRAINT `tasks_ibfk_590` FOREIGN KEY (`project_id`) REFERENCES `projects` (`id`) ON DELETE SET NULL ON UPDATE CASCADE,
  CONSTRAINT `tasks_ibfk_591` FOREIGN KEY (`created_by`) REFERENCES `users` (`id`) ON DELETE SET NULL ON UPDATE CASCADE,
  CONSTRAINT `tasks_ibfk_592` FOREIGN KEY (`assigned_to`) REFERENCES `users` (`id`) ON DELETE SET NULL ON UPDATE CASCADE,
  CONSTRAINT `tasks_ibfk_593` FOREIGN KEY (`project_id`) REFERENCES `projects` (`id`) ON DELETE SET NULL ON UPDATE CASCADE,
  CONSTRAINT `tasks_ibfk_594` FOREIGN KEY (`created_by`) REFERENCES `users` (`id`) ON DELETE SET NULL ON UPDATE CASCADE,
  CONSTRAINT `tasks_ibfk_595` FOREIGN KEY (`assigned_to`) REFERENCES `users` (`id`) ON DELETE SET NULL ON UPDATE CASCADE,
  CONSTRAINT `tasks_ibfk_596` FOREIGN KEY (`completed_by`) REFERENCES `users` (`id`) ON DELETE SET NULL ON UPDATE CASCADE,
  CONSTRAINT `tasks_ibfk_597` FOREIGN KEY (`project_id`) REFERENCES `projects` (`id`) ON DELETE SET NULL ON UPDATE CASCADE,
  CONSTRAINT `tasks_ibfk_598` FOREIGN KEY (`created_by`) REFERENCES `users` (`id`) ON DELETE SET NULL ON UPDATE CASCADE,
  CONSTRAINT `tasks_ibfk_599` FOREIGN KEY (`assigned_to`) REFERENCES `users` (`id`) ON DELETE SET NULL ON UPDATE CASCADE,
  CONSTRAINT `tasks_ibfk_6` FOREIGN KEY (`project_id`) REFERENCES `projects` (`id`) ON DELETE SET NULL ON UPDATE CASCADE,
  CONSTRAINT `tasks_ibfk_60` FOREIGN KEY (`created_by`) REFERENCES `users` (`id`) ON DELETE SET NULL ON UPDATE CASCADE,
  CONSTRAINT `tasks_ibfk_600` FOREIGN KEY (`completed_by`) REFERENCES `users` (`id`) ON DELETE SET NULL ON UPDATE CASCADE,
  CONSTRAINT `tasks_ibfk_601` FOREIGN KEY (`project_id`) REFERENCES `projects` (`id`) ON DELETE SET NULL ON UPDATE CASCADE,
  CONSTRAINT `tasks_ibfk_602` FOREIGN KEY (`created_by`) REFERENCES `users` (`id`) ON DELETE SET NULL ON UPDATE CASCADE,
  CONSTRAINT `tasks_ibfk_603` FOREIGN KEY (`assigned_to`) REFERENCES `users` (`id`) ON DELETE SET NULL ON UPDATE CASCADE,
  CONSTRAINT `tasks_ibfk_604` FOREIGN KEY (`completed_by`) REFERENCES `users` (`id`) ON DELETE SET NULL ON UPDATE CASCADE,
  CONSTRAINT `tasks_ibfk_605` FOREIGN KEY (`project_id`) REFERENCES `projects` (`id`) ON DELETE SET NULL ON UPDATE CASCADE,
  CONSTRAINT `tasks_ibfk_606` FOREIGN KEY (`created_by`) REFERENCES `users` (`id`) ON DELETE SET NULL ON UPDATE CASCADE,
  CONSTRAINT `tasks_ibfk_607` FOREIGN KEY (`assigned_to`) REFERENCES `users` (`id`) ON DELETE SET NULL ON UPDATE CASCADE,
  CONSTRAINT `tasks_ibfk_608` FOREIGN KEY (`completed_by`) REFERENCES `users` (`id`) ON DELETE SET NULL ON UPDATE CASCADE,
  CONSTRAINT `tasks_ibfk_609` FOREIGN KEY (`project_id`) REFERENCES `projects` (`id`) ON DELETE SET NULL ON UPDATE CASCADE,
  CONSTRAINT `tasks_ibfk_61` FOREIGN KEY (`assigned_to`) REFERENCES `users` (`id`) ON DELETE SET NULL ON UPDATE CASCADE,
  CONSTRAINT `tasks_ibfk_610` FOREIGN KEY (`created_by`) REFERENCES `users` (`id`) ON DELETE SET NULL ON UPDATE CASCADE,
  CONSTRAINT `tasks_ibfk_611` FOREIGN KEY (`assigned_to`) REFERENCES `users` (`id`) ON DELETE SET NULL ON UPDATE CASCADE,
  CONSTRAINT `tasks_ibfk_612` FOREIGN KEY (`completed_by`) REFERENCES `users` (`id`) ON DELETE SET NULL ON UPDATE CASCADE,
  CONSTRAINT `tasks_ibfk_613` FOREIGN KEY (`project_id`) REFERENCES `projects` (`id`) ON DELETE SET NULL ON UPDATE CASCADE,
  CONSTRAINT `tasks_ibfk_614` FOREIGN KEY (`created_by`) REFERENCES `users` (`id`) ON DELETE SET NULL ON UPDATE CASCADE,
  CONSTRAINT `tasks_ibfk_615` FOREIGN KEY (`assigned_to`) REFERENCES `users` (`id`) ON DELETE SET NULL ON UPDATE CASCADE,
  CONSTRAINT `tasks_ibfk_616` FOREIGN KEY (`completed_by`) REFERENCES `users` (`id`) ON DELETE SET NULL ON UPDATE CASCADE,
  CONSTRAINT `tasks_ibfk_617` FOREIGN KEY (`project_id`) REFERENCES `projects` (`id`) ON DELETE SET NULL ON UPDATE CASCADE,
  CONSTRAINT `tasks_ibfk_618` FOREIGN KEY (`created_by`) REFERENCES `users` (`id`) ON DELETE SET NULL ON UPDATE CASCADE,
  CONSTRAINT `tasks_ibfk_619` FOREIGN KEY (`assigned_to`) REFERENCES `users` (`id`) ON DELETE SET NULL ON UPDATE CASCADE,
  CONSTRAINT `tasks_ibfk_62` FOREIGN KEY (`completed_by`) REFERENCES `users` (`id`) ON DELETE SET NULL ON UPDATE CASCADE,
  CONSTRAINT `tasks_ibfk_620` FOREIGN KEY (`completed_by`) REFERENCES `users` (`id`) ON DELETE SET NULL ON UPDATE CASCADE,
  CONSTRAINT `tasks_ibfk_621` FOREIGN KEY (`project_id`) REFERENCES `projects` (`id`) ON DELETE SET NULL ON UPDATE CASCADE,
  CONSTRAINT `tasks_ibfk_622` FOREIGN KEY (`created_by`) REFERENCES `users` (`id`) ON DELETE SET NULL ON UPDATE CASCADE,
  CONSTRAINT `tasks_ibfk_623` FOREIGN KEY (`assigned_to`) REFERENCES `users` (`id`) ON DELETE SET NULL ON UPDATE CASCADE,
  CONSTRAINT `tasks_ibfk_624` FOREIGN KEY (`project_id`) REFERENCES `projects` (`id`) ON DELETE SET NULL ON UPDATE CASCADE,
  CONSTRAINT `tasks_ibfk_625` FOREIGN KEY (`created_by`) REFERENCES `users` (`id`) ON DELETE SET NULL ON UPDATE CASCADE,
  CONSTRAINT `tasks_ibfk_626` FOREIGN KEY (`assigned_to`) REFERENCES `users` (`id`) ON DELETE SET NULL ON UPDATE CASCADE,
  CONSTRAINT `tasks_ibfk_627` FOREIGN KEY (`completed_by`) REFERENCES `users` (`id`) ON DELETE SET NULL ON UPDATE CASCADE,
  CONSTRAINT `tasks_ibfk_628` FOREIGN KEY (`project_id`) REFERENCES `projects` (`id`) ON DELETE SET NULL ON UPDATE CASCADE,
  CONSTRAINT `tasks_ibfk_629` FOREIGN KEY (`created_by`) REFERENCES `users` (`id`) ON DELETE SET NULL ON UPDATE CASCADE,
  CONSTRAINT `tasks_ibfk_63` FOREIGN KEY (`project_id`) REFERENCES `projects` (`id`) ON DELETE SET NULL ON UPDATE CASCADE,
  CONSTRAINT `tasks_ibfk_630` FOREIGN KEY (`assigned_to`) REFERENCES `users` (`id`) ON DELETE SET NULL ON UPDATE CASCADE,
  CONSTRAINT `tasks_ibfk_631` FOREIGN KEY (`completed_by`) REFERENCES `users` (`id`) ON DELETE SET NULL ON UPDATE CASCADE,
  CONSTRAINT `tasks_ibfk_632` FOREIGN KEY (`project_id`) REFERENCES `projects` (`id`) ON DELETE SET NULL ON UPDATE CASCADE,
  CONSTRAINT `tasks_ibfk_633` FOREIGN KEY (`created_by`) REFERENCES `users` (`id`) ON DELETE SET NULL ON UPDATE CASCADE,
  CONSTRAINT `tasks_ibfk_634` FOREIGN KEY (`assigned_to`) REFERENCES `users` (`id`) ON DELETE SET NULL ON UPDATE CASCADE,
  CONSTRAINT `tasks_ibfk_635` FOREIGN KEY (`completed_by`) REFERENCES `users` (`id`) ON DELETE SET NULL ON UPDATE CASCADE,
  CONSTRAINT `tasks_ibfk_636` FOREIGN KEY (`project_id`) REFERENCES `projects` (`id`) ON DELETE SET NULL ON UPDATE CASCADE,
  CONSTRAINT `tasks_ibfk_637` FOREIGN KEY (`created_by`) REFERENCES `users` (`id`) ON DELETE SET NULL ON UPDATE CASCADE,
  CONSTRAINT `tasks_ibfk_638` FOREIGN KEY (`assigned_to`) REFERENCES `users` (`id`) ON DELETE SET NULL ON UPDATE CASCADE,
  CONSTRAINT `tasks_ibfk_639` FOREIGN KEY (`completed_by`) REFERENCES `users` (`id`) ON DELETE SET NULL ON UPDATE CASCADE,
  CONSTRAINT `tasks_ibfk_64` FOREIGN KEY (`created_by`) REFERENCES `users` (`id`) ON DELETE SET NULL ON UPDATE CASCADE,
  CONSTRAINT `tasks_ibfk_640` FOREIGN KEY (`project_id`) REFERENCES `projects` (`id`) ON DELETE SET NULL ON UPDATE CASCADE,
  CONSTRAINT `tasks_ibfk_641` FOREIGN KEY (`created_by`) REFERENCES `users` (`id`) ON DELETE SET NULL ON UPDATE CASCADE,
  CONSTRAINT `tasks_ibfk_642` FOREIGN KEY (`assigned_to`) REFERENCES `users` (`id`) ON DELETE SET NULL ON UPDATE CASCADE,
  CONSTRAINT `tasks_ibfk_643` FOREIGN KEY (`completed_by`) REFERENCES `users` (`id`) ON DELETE SET NULL ON UPDATE CASCADE,
  CONSTRAINT `tasks_ibfk_644` FOREIGN KEY (`project_id`) REFERENCES `projects` (`id`) ON DELETE SET NULL ON UPDATE CASCADE,
  CONSTRAINT `tasks_ibfk_645` FOREIGN KEY (`project_id`) REFERENCES `projects` (`id`) ON DELETE SET NULL ON UPDATE CASCADE,
  CONSTRAINT `tasks_ibfk_646` FOREIGN KEY (`created_by`) REFERENCES `users` (`id`) ON DELETE SET NULL ON UPDATE CASCADE,
  CONSTRAINT `tasks_ibfk_647` FOREIGN KEY (`assigned_to`) REFERENCES `users` (`id`) ON DELETE SET NULL ON UPDATE CASCADE,
  CONSTRAINT `tasks_ibfk_648` FOREIGN KEY (`completed_by`) REFERENCES `users` (`id`) ON DELETE SET NULL ON UPDATE CASCADE,
  CONSTRAINT `tasks_ibfk_649` FOREIGN KEY (`project_id`) REFERENCES `projects` (`id`) ON DELETE SET NULL ON UPDATE CASCADE,
  CONSTRAINT `tasks_ibfk_65` FOREIGN KEY (`assigned_to`) REFERENCES `users` (`id`) ON DELETE SET NULL ON UPDATE CASCADE,
  CONSTRAINT `tasks_ibfk_650` FOREIGN KEY (`created_by`) REFERENCES `users` (`id`) ON DELETE SET NULL ON UPDATE CASCADE,
  CONSTRAINT `tasks_ibfk_651` FOREIGN KEY (`assigned_to`) REFERENCES `users` (`id`) ON DELETE SET NULL ON UPDATE CASCADE,
  CONSTRAINT `tasks_ibfk_652` FOREIGN KEY (`completed_by`) REFERENCES `users` (`id`) ON DELETE SET NULL ON UPDATE CASCADE,
  CONSTRAINT `tasks_ibfk_653` FOREIGN KEY (`project_id`) REFERENCES `projects` (`id`) ON DELETE SET NULL ON UPDATE CASCADE,
  CONSTRAINT `tasks_ibfk_654` FOREIGN KEY (`created_by`) REFERENCES `users` (`id`) ON DELETE SET NULL ON UPDATE CASCADE,
  CONSTRAINT `tasks_ibfk_655` FOREIGN KEY (`assigned_to`) REFERENCES `users` (`id`) ON DELETE SET NULL ON UPDATE CASCADE,
  CONSTRAINT `tasks_ibfk_656` FOREIGN KEY (`completed_by`) REFERENCES `users` (`id`) ON DELETE SET NULL ON UPDATE CASCADE,
  CONSTRAINT `tasks_ibfk_657` FOREIGN KEY (`project_id`) REFERENCES `projects` (`id`) ON DELETE SET NULL ON UPDATE CASCADE,
  CONSTRAINT `tasks_ibfk_658` FOREIGN KEY (`created_by`) REFERENCES `users` (`id`) ON DELETE SET NULL ON UPDATE CASCADE,
  CONSTRAINT `tasks_ibfk_659` FOREIGN KEY (`assigned_to`) REFERENCES `users` (`id`) ON DELETE SET NULL ON UPDATE CASCADE,
  CONSTRAINT `tasks_ibfk_66` FOREIGN KEY (`completed_by`) REFERENCES `users` (`id`) ON DELETE SET NULL ON UPDATE CASCADE,
  CONSTRAINT `tasks_ibfk_660` FOREIGN KEY (`completed_by`) REFERENCES `users` (`id`) ON DELETE SET NULL ON UPDATE CASCADE,
  CONSTRAINT `tasks_ibfk_661` FOREIGN KEY (`project_id`) REFERENCES `projects` (`id`) ON DELETE SET NULL ON UPDATE CASCADE,
  CONSTRAINT `tasks_ibfk_662` FOREIGN KEY (`created_by`) REFERENCES `users` (`id`) ON DELETE SET NULL ON UPDATE CASCADE,
  CONSTRAINT `tasks_ibfk_663` FOREIGN KEY (`assigned_to`) REFERENCES `users` (`id`) ON DELETE SET NULL ON UPDATE CASCADE,
  CONSTRAINT `tasks_ibfk_664` FOREIGN KEY (`completed_by`) REFERENCES `users` (`id`) ON DELETE SET NULL ON UPDATE CASCADE,
  CONSTRAINT `tasks_ibfk_665` FOREIGN KEY (`project_id`) REFERENCES `projects` (`id`) ON DELETE SET NULL ON UPDATE CASCADE,
  CONSTRAINT `tasks_ibfk_666` FOREIGN KEY (`created_by`) REFERENCES `users` (`id`) ON DELETE SET NULL ON UPDATE CASCADE,
  CONSTRAINT `tasks_ibfk_667` FOREIGN KEY (`assigned_to`) REFERENCES `users` (`id`) ON DELETE SET NULL ON UPDATE CASCADE,
  CONSTRAINT `tasks_ibfk_668` FOREIGN KEY (`completed_by`) REFERENCES `users` (`id`) ON DELETE SET NULL ON UPDATE CASCADE,
  CONSTRAINT `tasks_ibfk_669` FOREIGN KEY (`project_id`) REFERENCES `projects` (`id`) ON DELETE SET NULL ON UPDATE CASCADE,
  CONSTRAINT `tasks_ibfk_67` FOREIGN KEY (`project_id`) REFERENCES `projects` (`id`) ON DELETE SET NULL ON UPDATE CASCADE,
  CONSTRAINT `tasks_ibfk_670` FOREIGN KEY (`created_by`) REFERENCES `users` (`id`) ON DELETE SET NULL ON UPDATE CASCADE,
  CONSTRAINT `tasks_ibfk_671` FOREIGN KEY (`assigned_to`) REFERENCES `users` (`id`) ON DELETE SET NULL ON UPDATE CASCADE,
  CONSTRAINT `tasks_ibfk_672` FOREIGN KEY (`completed_by`) REFERENCES `users` (`id`) ON DELETE SET NULL ON UPDATE CASCADE,
  CONSTRAINT `tasks_ibfk_673` FOREIGN KEY (`project_id`) REFERENCES `projects` (`id`) ON DELETE SET NULL ON UPDATE CASCADE,
  CONSTRAINT `tasks_ibfk_674` FOREIGN KEY (`created_by`) REFERENCES `users` (`id`) ON DELETE SET NULL ON UPDATE CASCADE,
  CONSTRAINT `tasks_ibfk_675` FOREIGN KEY (`assigned_to`) REFERENCES `users` (`id`) ON DELETE SET NULL ON UPDATE CASCADE,
  CONSTRAINT `tasks_ibfk_676` FOREIGN KEY (`completed_by`) REFERENCES `users` (`id`) ON DELETE SET NULL ON UPDATE CASCADE,
  CONSTRAINT `tasks_ibfk_677` FOREIGN KEY (`project_id`) REFERENCES `projects` (`id`) ON DELETE SET NULL ON UPDATE CASCADE,
  CONSTRAINT `tasks_ibfk_678` FOREIGN KEY (`created_by`) REFERENCES `users` (`id`) ON DELETE SET NULL ON UPDATE CASCADE,
  CONSTRAINT `tasks_ibfk_679` FOREIGN KEY (`assigned_to`) REFERENCES `users` (`id`) ON DELETE SET NULL ON UPDATE CASCADE,
  CONSTRAINT `tasks_ibfk_68` FOREIGN KEY (`created_by`) REFERENCES `users` (`id`) ON DELETE SET NULL ON UPDATE CASCADE,
  CONSTRAINT `tasks_ibfk_680` FOREIGN KEY (`completed_by`) REFERENCES `users` (`id`) ON DELETE SET NULL ON UPDATE CASCADE,
  CONSTRAINT `tasks_ibfk_681` FOREIGN KEY (`project_id`) REFERENCES `projects` (`id`) ON DELETE SET NULL ON UPDATE CASCADE,
  CONSTRAINT `tasks_ibfk_682` FOREIGN KEY (`created_by`) REFERENCES `users` (`id`) ON DELETE SET NULL ON UPDATE CASCADE,
  CONSTRAINT `tasks_ibfk_683` FOREIGN KEY (`assigned_to`) REFERENCES `users` (`id`) ON DELETE SET NULL ON UPDATE CASCADE,
  CONSTRAINT `tasks_ibfk_684` FOREIGN KEY (`completed_by`) REFERENCES `users` (`id`) ON DELETE SET NULL ON UPDATE CASCADE,
  CONSTRAINT `tasks_ibfk_685` FOREIGN KEY (`project_id`) REFERENCES `projects` (`id`) ON DELETE SET NULL ON UPDATE CASCADE,
  CONSTRAINT `tasks_ibfk_686` FOREIGN KEY (`created_by`) REFERENCES `users` (`id`) ON DELETE SET NULL ON UPDATE CASCADE,
  CONSTRAINT `tasks_ibfk_687` FOREIGN KEY (`assigned_to`) REFERENCES `users` (`id`) ON DELETE SET NULL ON UPDATE CASCADE,
  CONSTRAINT `tasks_ibfk_688` FOREIGN KEY (`completed_by`) REFERENCES `users` (`id`) ON DELETE SET NULL ON UPDATE CASCADE,
  CONSTRAINT `tasks_ibfk_689` FOREIGN KEY (`project_id`) REFERENCES `projects` (`id`) ON DELETE SET NULL ON UPDATE CASCADE,
  CONSTRAINT `tasks_ibfk_69` FOREIGN KEY (`assigned_to`) REFERENCES `users` (`id`) ON DELETE SET NULL ON UPDATE CASCADE,
  CONSTRAINT `tasks_ibfk_690` FOREIGN KEY (`project_id`) REFERENCES `projects` (`id`) ON DELETE SET NULL ON UPDATE CASCADE,
  CONSTRAINT `tasks_ibfk_691` FOREIGN KEY (`created_by`) REFERENCES `users` (`id`) ON DELETE SET NULL ON UPDATE CASCADE,
  CONSTRAINT `tasks_ibfk_692` FOREIGN KEY (`assigned_to`) REFERENCES `users` (`id`) ON DELETE SET NULL ON UPDATE CASCADE,
  CONSTRAINT `tasks_ibfk_693` FOREIGN KEY (`completed_by`) REFERENCES `users` (`id`) ON DELETE SET NULL ON UPDATE CASCADE,
  CONSTRAINT `tasks_ibfk_694` FOREIGN KEY (`project_id`) REFERENCES `projects` (`id`) ON DELETE SET NULL ON UPDATE CASCADE,
  CONSTRAINT `tasks_ibfk_695` FOREIGN KEY (`created_by`) REFERENCES `users` (`id`) ON DELETE SET NULL ON UPDATE CASCADE,
  CONSTRAINT `tasks_ibfk_696` FOREIGN KEY (`assigned_to`) REFERENCES `users` (`id`) ON DELETE SET NULL ON UPDATE CASCADE,
  CONSTRAINT `tasks_ibfk_697` FOREIGN KEY (`completed_by`) REFERENCES `users` (`id`) ON DELETE SET NULL ON UPDATE CASCADE,
  CONSTRAINT `tasks_ibfk_698` FOREIGN KEY (`project_id`) REFERENCES `projects` (`id`) ON DELETE SET NULL ON UPDATE CASCADE,
  CONSTRAINT `tasks_ibfk_699` FOREIGN KEY (`created_by`) REFERENCES `users` (`id`) ON DELETE SET NULL ON UPDATE CASCADE,
  CONSTRAINT `tasks_ibfk_7` FOREIGN KEY (`project_id`) REFERENCES `projects` (`id`) ON DELETE SET NULL ON UPDATE CASCADE,
  CONSTRAINT `tasks_ibfk_70` FOREIGN KEY (`completed_by`) REFERENCES `users` (`id`) ON DELETE SET NULL ON UPDATE CASCADE,
  CONSTRAINT `tasks_ibfk_700` FOREIGN KEY (`assigned_to`) REFERENCES `users` (`id`) ON DELETE SET NULL ON UPDATE CASCADE,
  CONSTRAINT `tasks_ibfk_701` FOREIGN KEY (`completed_by`) REFERENCES `users` (`id`) ON DELETE SET NULL ON UPDATE CASCADE,
  CONSTRAINT `tasks_ibfk_71` FOREIGN KEY (`project_id`) REFERENCES `projects` (`id`) ON DELETE SET NULL ON UPDATE CASCADE,
  CONSTRAINT `tasks_ibfk_72` FOREIGN KEY (`created_by`) REFERENCES `users` (`id`) ON DELETE SET NULL ON UPDATE CASCADE,
  CONSTRAINT `tasks_ibfk_73` FOREIGN KEY (`assigned_to`) REFERENCES `users` (`id`) ON DELETE SET NULL ON UPDATE CASCADE,
  CONSTRAINT `tasks_ibfk_74` FOREIGN KEY (`completed_by`) REFERENCES `users` (`id`) ON DELETE SET NULL ON UPDATE CASCADE,
  CONSTRAINT `tasks_ibfk_75` FOREIGN KEY (`project_id`) REFERENCES `projects` (`id`) ON DELETE SET NULL ON UPDATE CASCADE,
  CONSTRAINT `tasks_ibfk_76` FOREIGN KEY (`created_by`) REFERENCES `users` (`id`) ON DELETE SET NULL ON UPDATE CASCADE,
  CONSTRAINT `tasks_ibfk_77` FOREIGN KEY (`assigned_to`) REFERENCES `users` (`id`) ON DELETE SET NULL ON UPDATE CASCADE,
  CONSTRAINT `tasks_ibfk_78` FOREIGN KEY (`completed_by`) REFERENCES `users` (`id`) ON DELETE SET NULL ON UPDATE CASCADE,
  CONSTRAINT `tasks_ibfk_79` FOREIGN KEY (`project_id`) REFERENCES `projects` (`id`) ON DELETE SET NULL ON UPDATE CASCADE,
  CONSTRAINT `tasks_ibfk_8` FOREIGN KEY (`created_by`) REFERENCES `users` (`id`) ON DELETE SET NULL ON UPDATE CASCADE,
  CONSTRAINT `tasks_ibfk_80` FOREIGN KEY (`created_by`) REFERENCES `users` (`id`) ON DELETE SET NULL ON UPDATE CASCADE,
  CONSTRAINT `tasks_ibfk_81` FOREIGN KEY (`assigned_to`) REFERENCES `users` (`id`) ON DELETE SET NULL ON UPDATE CASCADE,
  CONSTRAINT `tasks_ibfk_82` FOREIGN KEY (`completed_by`) REFERENCES `users` (`id`) ON DELETE SET NULL ON UPDATE CASCADE,
  CONSTRAINT `tasks_ibfk_83` FOREIGN KEY (`project_id`) REFERENCES `projects` (`id`) ON DELETE SET NULL ON UPDATE CASCADE,
  CONSTRAINT `tasks_ibfk_84` FOREIGN KEY (`created_by`) REFERENCES `users` (`id`) ON DELETE SET NULL ON UPDATE CASCADE,
  CONSTRAINT `tasks_ibfk_85` FOREIGN KEY (`assigned_to`) REFERENCES `users` (`id`) ON DELETE SET NULL ON UPDATE CASCADE,
  CONSTRAINT `tasks_ibfk_86` FOREIGN KEY (`completed_by`) REFERENCES `users` (`id`) ON DELETE SET NULL ON UPDATE CASCADE,
  CONSTRAINT `tasks_ibfk_87` FOREIGN KEY (`project_id`) REFERENCES `projects` (`id`) ON DELETE SET NULL ON UPDATE CASCADE,
  CONSTRAINT `tasks_ibfk_88` FOREIGN KEY (`created_by`) REFERENCES `users` (`id`) ON DELETE SET NULL ON UPDATE CASCADE,
  CONSTRAINT `tasks_ibfk_89` FOREIGN KEY (`assigned_to`) REFERENCES `users` (`id`) ON DELETE SET NULL ON UPDATE CASCADE,
  CONSTRAINT `tasks_ibfk_9` FOREIGN KEY (`assigned_to`) REFERENCES `users` (`id`) ON DELETE SET NULL ON UPDATE CASCADE,
  CONSTRAINT `tasks_ibfk_90` FOREIGN KEY (`completed_by`) REFERENCES `users` (`id`) ON DELETE SET NULL ON UPDATE CASCADE,
  CONSTRAINT `tasks_ibfk_91` FOREIGN KEY (`project_id`) REFERENCES `projects` (`id`) ON DELETE SET NULL ON UPDATE CASCADE,
  CONSTRAINT `tasks_ibfk_92` FOREIGN KEY (`created_by`) REFERENCES `users` (`id`) ON DELETE SET NULL ON UPDATE CASCADE,
  CONSTRAINT `tasks_ibfk_93` FOREIGN KEY (`assigned_to`) REFERENCES `users` (`id`) ON DELETE SET NULL ON UPDATE CASCADE,
  CONSTRAINT `tasks_ibfk_94` FOREIGN KEY (`completed_by`) REFERENCES `users` (`id`) ON DELETE SET NULL ON UPDATE CASCADE,
  CONSTRAINT `tasks_ibfk_95` FOREIGN KEY (`project_id`) REFERENCES `projects` (`id`) ON DELETE SET NULL ON UPDATE CASCADE,
  CONSTRAINT `tasks_ibfk_96` FOREIGN KEY (`created_by`) REFERENCES `users` (`id`) ON DELETE SET NULL ON UPDATE CASCADE,
  CONSTRAINT `tasks_ibfk_97` FOREIGN KEY (`assigned_to`) REFERENCES `users` (`id`) ON DELETE SET NULL ON UPDATE CASCADE,
  CONSTRAINT `tasks_ibfk_98` FOREIGN KEY (`completed_by`) REFERENCES `users` (`id`) ON DELETE SET NULL ON UPDATE CASCADE,
  CONSTRAINT `tasks_ibfk_99` FOREIGN KEY (`project_id`) REFERENCES `projects` (`id`) ON DELETE SET NULL ON UPDATE CASCADE
) ENGINE=InnoDB AUTO_INCREMENT=82 DEFAULT CHARSET=utf8mb4 COLLATE=utf8mb4_uca1400_ai_ci;

-- Dumping data for table vibrandstudio2.tasks: ~43 rows (approximately)
INSERT INTO `tasks` (`id`, `type`, `project_id`, `due_date`, `task_description`, `importance_level`, `createdAt`, `updatedAt`, `created_by`, `assigned_to`, `completed_by`) VALUES
	(2, 'note', 15, '2025-05-09', 'Finalize Q1 report', 'High', '2025-05-09 09:08:40', '2025-05-10 10:32:22', 35, 37, 20),
	(3, 'note', 15, '2025-05-09', 'hello23144Discuss new client onboardinggregr', 'Critical', '2025-05-09 09:08:40', '2025-05-13 08:10:46', 35, 20, NULL),
	(4, 'task', 15, '2025-05-09', 'Review legal documents', 'Critical', '2025-05-09 09:08:40', '2025-05-09 09:08:40', 35, NULL, NULL),
	(5, 'task', 15, '2025-05-09', 'Client check-in email', 'Low', '2025-05-09 09:08:40', '2025-05-09 09:08:40', 35, 20, 35),
	(6, 'note', 15, '2025-05-09', 'UX feedback session', 'Optional', '2025-05-09 09:08:40', '2025-05-09 09:08:40', 20, 20, NULL),
	(7, 'task', 15, '2025-05-09', 'Update CRM notes', 'Medium', '2025-05-09 09:08:40', '2025-05-09 09:08:40', 35, NULL, 35),
	(8, 'note', 15, '2025-05-09', 'Weekly status update', 'Low', '2025-05-09 09:08:40', '2025-05-09 09:08:40', 20, NULL, 20),
	(9, 'task', 15, '2025-05-09', 'Budget meeting', 'High', '2025-05-09 09:08:40', '2025-05-09 09:08:40', 20, NULL, 20),
	(10, 'task', 15, '2025-05-09', 'Prepare presentation slides', 'Critical', '2025-05-09 09:08:40', '2025-05-09 09:08:40', 20, NULL, 35),
	(11, 'note', 15, '2025-05-09', 'Client birthday reminder', 'Optional', '2025-05-09 09:08:40', '2025-05-09 09:08:40', 35, 35, NULL),
	(12, 'task', 15, '2025-05-09', 'Internal newsletter', 'Medium', '2025-05-09 09:08:40', '2025-05-09 09:08:40', 35, 35, 20),
	(13, 'note', 15, '2025-05-09', 'Document SOP updates', 'High', '2025-05-09 09:08:40', '2025-05-09 09:08:40', 35, 20, 20),
	(14, 'task', 15, '2025-05-09', 'Software training', 'Medium', '2025-05-09 09:08:40', '2025-05-09 09:08:40', 35, 35, 20),
	(15, 'task', 15, '2025-05-09', 'Create user manual', 'Low', '2025-05-09 09:08:40', '2025-05-09 09:08:40', 35, NULL, NULL),
	(16, 'note', 15, '2025-05-09', 'Team feedback', 'Optional', '2025-05-09 09:08:40', '2025-05-09 09:08:40', 20, NULL, 20),
	(17, 'task', 15, '2025-05-09', 'Test new email campaign', 'Critical', '2025-05-09 09:08:40', '2025-05-09 09:08:40', 20, NULL, 20),
	(18, 'note', 15, '2025-05-09', 'Review project scope', 'High', '2025-05-09 09:08:40', '2025-05-09 09:08:40', 35, 35, 35),
	(19, 'task', 15, '2025-05-09', 'Plan Q3 roadmap', 'Medium', '2025-05-09 09:08:40', '2025-05-09 09:08:40', 35, NULL, 35),
	(20, 'note', 15, '2025-05-09', 'Submit monthly expenses', 'Low', '2025-05-09 09:08:40', '2025-05-09 09:08:40', 20, NULL, 20),
	(21, 'task', 15, '2025-05-09', 'Organize files', 'Optional', '2025-05-09 09:08:40', '2025-05-09 09:08:40', 20, 20, 35),
	(22, 'task', 15, '2025-05-09', 'Fix bugs reported by QA', 'High', '2025-05-09 09:08:40', '2025-05-09 09:08:40', 20, 20, 20),
	(23, 'note', 15, '2025-05-09', 'Send end-of-week report', 'Medium', '2025-05-09 09:08:40', '2025-05-09 09:08:40', 35, NULL, 20),
	(24, 'task', 15, '2025-05-09', 'Client briefing setup', 'Critical', '2025-05-09 09:08:40', '2025-05-09 09:08:40', 20, NULL, 20),
	(25, 'note', 15, '2025-05-09', 'Vendor coordination', 'Medium', '2025-05-09 09:08:40', '2025-05-09 09:08:40', 20, 35, 20),
	(26, 'task', 15, '2025-05-09', 'Run code audit', 'Low', '2025-05-09 09:08:40', '2025-05-09 09:08:40', 35, 35, NULL),
	(64, NULL, 11, NULL, NULL, NULL, '2025-05-10 22:08:46', '2025-05-10 22:08:46', 35, NULL, NULL),
	(65, NULL, 11, NULL, NULL, NULL, '2025-05-10 22:09:12', '2025-05-10 22:09:12', 35, NULL, NULL),
	(66, NULL, 11, NULL, NULL, NULL, '2025-05-10 22:09:18', '2025-05-10 22:09:18', 35, NULL, NULL),
	(67, 'task', 1, '2025-05-09', 'Test task', 'Medium', '2025-05-13 06:17:33', '2025-05-13 06:18:06', 5, NULL, NULL),
	(68, NULL, 15, NULL, NULL, NULL, '2025-05-13 08:10:49', '2025-05-13 08:10:49', 35, NULL, NULL),
	(69, NULL, 54, NULL, NULL, NULL, '2025-05-23 11:28:57', '2025-05-23 11:28:57', 5, NULL, NULL),
	(70, NULL, 1, NULL, NULL, NULL, '2025-05-23 15:20:39', '2025-05-23 15:20:39', 5, NULL, NULL),
	(71, NULL, 55, NULL, NULL, NULL, '2025-05-23 15:20:47', '2025-05-23 15:20:47', 5, NULL, NULL),
	(72, NULL, 1, NULL, NULL, NULL, '2025-05-23 15:22:47', '2025-05-23 15:22:47', 5, NULL, NULL),
	(73, NULL, 1, NULL, NULL, NULL, '2025-05-23 15:23:13', '2025-05-23 15:23:13', 5, NULL, NULL),
	(74, NULL, 1, NULL, NULL, NULL, '2025-05-23 15:23:52', '2025-05-23 15:23:52', 5, NULL, NULL),
	(75, NULL, 55, NULL, NULL, NULL, '2025-05-23 15:24:08', '2025-05-23 15:24:08', 5, NULL, NULL),
	(76, NULL, 1, NULL, NULL, NULL, '2025-05-23 15:24:10', '2025-05-23 15:24:10', 5, NULL, NULL),
	(77, NULL, 48, NULL, NULL, NULL, '2025-05-23 15:24:20', '2025-05-23 15:24:20', 5, NULL, NULL),
	(78, NULL, 27, NULL, NULL, NULL, '2025-05-23 15:24:58', '2025-05-23 15:24:58', 35, NULL, NULL),
	(79, NULL, 57, NULL, NULL, NULL, '2025-05-23 15:26:30', '2025-05-23 15:26:30', 5, NULL, NULL),
	(80, NULL, 1, NULL, NULL, NULL, '2025-05-23 15:32:43', '2025-05-23 15:32:43', 5, NULL, NULL),
	(81, NULL, 48, NULL, NULL, NULL, '2025-05-23 15:32:51', '2025-05-23 15:32:51', 5, NULL, NULL);

-- Dumping structure for table vibrandstudio2.userproject
CREATE TABLE IF NOT EXISTS `userproject` (
  `createdAt` datetime NOT NULL,
  `updatedAt` datetime NOT NULL,
  `UserId` int(11) NOT NULL,
  `ProjectId` int(11) NOT NULL,
  PRIMARY KEY (`UserId`,`ProjectId`),
  KEY `ProjectId` (`ProjectId`),
  CONSTRAINT `userproject_ibfk_1` FOREIGN KEY (`UserId`) REFERENCES `users` (`id`) ON DELETE CASCADE ON UPDATE CASCADE,
  CONSTRAINT `userproject_ibfk_2` FOREIGN KEY (`ProjectId`) REFERENCES `projects` (`id`) ON DELETE CASCADE ON UPDATE CASCADE
) ENGINE=InnoDB DEFAULT CHARSET=utf8mb4 COLLATE=utf8mb4_uca1400_ai_ci;

-- Dumping data for table vibrandstudio2.userproject: ~128 rows (approximately)
INSERT INTO `userproject` (`createdAt`, `updatedAt`, `UserId`, `ProjectId`) VALUES
	('2025-05-08 16:47:00', '2025-05-08 16:47:00', 2, 11),
	('2025-05-08 16:47:00', '2025-05-08 16:47:00', 2, 12),
	('2025-05-08 16:47:00', '2025-05-08 16:47:00', 3, 11),
	('2025-05-08 16:47:00', '2025-05-08 16:47:00', 3, 12),
	('2025-05-08 16:47:00', '2025-05-08 16:47:00', 4, 14),
	('2025-05-08 16:47:00', '2025-05-08 16:47:00', 5, 1),
	('2025-05-23 12:51:54', '2025-05-23 12:51:54', 5, 48),
	('2025-05-12 23:26:23', '2025-05-12 23:26:22', 5, 54),
	('2025-05-23 13:49:30', '2025-05-23 13:49:31', 5, 55),
	('2025-05-23 13:50:45', '2025-05-23 13:50:44', 5, 56),
	('2025-05-23 13:50:23', '2025-05-23 13:50:22', 5, 57),
	('2025-05-08 16:47:00', '2025-05-08 16:47:00', 6, 15),
	('2025-05-08 16:47:00', '2025-05-08 16:47:00', 7, 15),
	('2025-05-08 16:47:00', '2025-05-08 16:47:00', 8, 12),
	('2025-05-08 16:47:00', '2025-05-08 16:47:00', 8, 13),
	('2025-05-08 16:47:00', '2025-05-08 16:47:00', 9, 12),
	('2025-05-08 16:47:00', '2025-05-08 16:47:00', 9, 13),
	('2025-05-08 16:47:00', '2025-05-08 16:47:00', 10, 12),
	('2025-05-08 16:47:00', '2025-05-08 16:47:00', 11, 12),
	('2025-05-08 16:47:00', '2025-05-08 16:47:00', 12, 14),
	('2025-05-08 16:47:00', '2025-05-08 16:47:00', 13, 14),
	('2025-05-08 16:47:00', '2025-05-08 16:47:00', 14, 14),
	('2025-05-08 16:47:00', '2025-05-08 16:47:00', 15, 14),
	('2025-05-08 16:47:00', '2025-05-08 16:47:00', 16, 15),
	('2025-05-08 16:47:00', '2025-05-08 16:47:00', 17, 15),
	('2025-05-08 16:47:00', '2025-05-08 16:47:00', 18, 15),
	('2025-05-08 16:47:00', '2025-05-08 16:47:00', 19, 15),
	('2025-05-08 16:47:00', '2025-05-08 16:47:00', 20, 13),
	('2025-05-08 16:47:00', '2025-05-08 16:47:00', 21, 13),
	('2025-05-08 16:47:00', '2025-05-08 16:47:00', 22, 12),
	('2025-05-08 16:47:00', '2025-05-08 16:47:00', 23, 12),
	('2025-05-08 16:47:00', '2025-05-08 16:47:00', 24, 13),
	('2025-05-08 16:47:00', '2025-05-08 16:47:00', 25, 13),
	('2025-05-08 16:47:00', '2025-05-08 16:47:00', 26, 14),
	('2025-05-08 16:47:00', '2025-05-08 16:47:00', 27, 14),
	('2025-05-08 17:36:48', '2025-05-08 17:36:48', 33, 11),
	('2025-05-08 17:36:48', '2025-05-08 17:36:48', 33, 12),
	('2025-05-08 17:36:48', '2025-05-08 17:36:48', 33, 14),
	('2025-05-08 17:36:48', '2025-05-08 17:36:48', 33, 17),
	('2025-05-08 17:36:48', '2025-05-08 17:36:48', 33, 23),
	('2025-05-08 17:36:48', '2025-05-08 17:36:48', 33, 25),
	('2025-05-08 17:36:49', '2025-05-08 17:36:49', 33, 27),
	('2025-05-08 17:36:49', '2025-05-08 17:36:49', 33, 29),
	('2025-05-08 17:36:49', '2025-05-08 17:36:49', 33, 36),
	('2025-05-08 17:36:49', '2025-05-08 17:36:49', 33, 38),
	('2025-05-08 17:36:49', '2025-05-08 17:36:49', 33, 42),
	('2025-05-08 17:36:49', '2025-05-08 17:36:49', 33, 44),
	('2025-05-08 17:36:49', '2025-05-08 17:36:49', 33, 47),
	('2025-05-08 17:36:49', '2025-05-08 17:36:49', 33, 48),
	('2025-05-08 17:36:49', '2025-05-08 17:36:49', 33, 49),
	('2025-05-08 17:36:48', '2025-05-08 17:36:48', 34, 20),
	('2025-05-08 17:36:49', '2025-05-08 17:36:49', 34, 29),
	('2025-05-08 17:36:49', '2025-05-08 17:36:49', 34, 38),
	('2025-05-08 17:36:49', '2025-05-08 17:36:49', 34, 41),
	('2025-05-08 17:36:49', '2025-05-08 17:36:49', 34, 44),
	('2025-05-08 17:36:49', '2025-05-08 17:36:49', 34, 47),
	('2025-05-08 17:36:48', '2025-05-08 17:36:48', 35, 11),
	('2025-05-08 17:36:48', '2025-05-08 17:36:48', 35, 13),
	('2025-05-08 17:36:48', '2025-05-08 17:36:48', 35, 14),
	('2025-05-09 23:02:13', '2025-05-09 23:02:14', 35, 15),
	('2025-05-08 17:36:48', '2025-05-08 17:36:48', 35, 16),
	('2025-05-08 17:36:48', '2025-05-08 17:36:48', 35, 17),
	('2025-05-08 17:36:48', '2025-05-08 17:36:48', 35, 18),
	('2025-05-08 17:36:48', '2025-05-08 17:36:48', 35, 21),
	('2025-05-08 17:36:48', '2025-05-08 17:36:48', 35, 23),
	('2025-05-08 17:36:48', '2025-05-08 17:36:48', 35, 24),
	('2025-05-08 17:36:48', '2025-05-08 17:36:48', 35, 25),
	('2025-05-08 17:36:49', '2025-05-08 17:36:49', 35, 26),
	('2025-05-08 17:36:49', '2025-05-08 17:36:49', 35, 27),
	('2025-05-08 17:36:49', '2025-05-08 17:36:49', 35, 28),
	('2025-05-08 17:36:49', '2025-05-08 17:36:49', 35, 30),
	('2025-05-08 17:36:49', '2025-05-08 17:36:49', 35, 32),
	('2025-05-08 17:36:49', '2025-05-08 17:36:49', 35, 34),
	('2025-05-08 17:36:49', '2025-05-08 17:36:49', 35, 35),
	('2025-05-08 17:36:49', '2025-05-08 17:36:49', 35, 36),
	('2025-05-08 17:36:49', '2025-05-08 17:36:49', 35, 37),
	('2025-05-08 17:36:49', '2025-05-08 17:36:49', 35, 39),
	('2025-05-08 17:36:49', '2025-05-08 17:36:49', 35, 40),
	('2025-05-08 17:36:49', '2025-05-08 17:36:49', 35, 42),
	('2025-05-08 17:36:49', '2025-05-08 17:36:49', 35, 43),
	('2025-05-08 17:36:49', '2025-05-08 17:36:49', 35, 45),
	('2025-05-08 17:36:49', '2025-05-08 17:36:49', 35, 48),
	('2025-05-08 17:36:49', '2025-05-08 17:36:49', 35, 49),
	('2025-05-08 17:36:48', '2025-05-08 17:36:48', 37, 14),
	('2025-05-08 17:36:48', '2025-05-08 17:36:48', 37, 15),
	('2025-05-08 17:36:48', '2025-05-08 17:36:48', 37, 22),
	('2025-05-08 17:36:48', '2025-05-08 17:36:48', 37, 24),
	('2025-05-08 17:36:49', '2025-05-08 17:36:49', 37, 31),
	('2025-05-08 17:36:49', '2025-05-08 17:36:49', 37, 32),
	('2025-05-08 17:36:49', '2025-05-08 17:36:49', 37, 34),
	('2025-05-08 17:36:49', '2025-05-08 17:36:49', 37, 37),
	('2025-05-08 17:36:49', '2025-05-08 17:36:49', 37, 46),
	('2025-05-08 17:36:48', '2025-05-08 17:36:48', 38, 12),
	('2025-05-08 17:36:48', '2025-05-08 17:36:48', 38, 15),
	('2025-05-08 17:36:48', '2025-05-08 17:36:48', 38, 17),
	('2025-05-08 17:36:48', '2025-05-08 17:36:48', 38, 18),
	('2025-05-08 17:36:48', '2025-05-08 17:36:48', 38, 19),
	('2025-05-08 17:36:48', '2025-05-08 17:36:48', 38, 22),
	('2025-05-08 17:36:48', '2025-05-08 17:36:48', 38, 23),
	('2025-05-08 17:36:48', '2025-05-08 17:36:48', 38, 25),
	('2025-05-08 17:36:49', '2025-05-08 17:36:49', 38, 28),
	('2025-05-08 17:36:49', '2025-05-08 17:36:49', 38, 30),
	('2025-05-08 17:36:49', '2025-05-08 17:36:49', 38, 31),
	('2025-05-08 17:36:49', '2025-05-08 17:36:49', 38, 33),
	('2025-05-08 17:36:49', '2025-05-08 17:36:49', 38, 34),
	('2025-05-08 17:36:49', '2025-05-08 17:36:49', 38, 37),
	('2025-05-08 17:36:49', '2025-05-08 17:36:49', 38, 39),
	('2025-05-08 17:36:49', '2025-05-08 17:36:49', 38, 42),
	('2025-05-08 17:36:49', '2025-05-08 17:36:49', 38, 46),
	('2025-05-08 17:36:49', '2025-05-08 17:36:49', 38, 48),
	('2025-05-08 17:36:48', '2025-05-08 17:36:48', 40, 12),
	('2025-05-08 17:36:48', '2025-05-08 17:36:48', 40, 15),
	('2025-05-08 17:36:48', '2025-05-08 17:36:48', 40, 17),
	('2025-05-08 17:36:48', '2025-05-08 17:36:48', 40, 19),
	('2025-05-08 17:36:48', '2025-05-08 17:36:48', 40, 21),
	('2025-05-08 17:36:49', '2025-05-08 17:36:49', 40, 27),
	('2025-05-08 17:36:49', '2025-05-08 17:36:49', 40, 30),
	('2025-05-08 17:36:49', '2025-05-08 17:36:49', 40, 31),
	('2025-05-08 17:36:49', '2025-05-08 17:36:49', 40, 33),
	('2025-05-08 17:36:49', '2025-05-08 17:36:49', 40, 36),
	('2025-05-08 17:36:49', '2025-05-08 17:36:49', 40, 39),
	('2025-05-08 17:36:49', '2025-05-08 17:36:49', 40, 45),
	('2025-05-08 17:36:49', '2025-05-08 17:36:49', 40, 46),
	('2025-05-23 14:38:38', '2025-05-23 14:38:38', 40, 49);

-- Dumping structure for table vibrandstudio2.users
CREATE TABLE IF NOT EXISTS `users` (
  `id` int(11) NOT NULL AUTO_INCREMENT,
  `name` varchar(100) NOT NULL,
  `password` varchar(100) NOT NULL,
  `company` int(11) DEFAULT NULL,
  `position` varchar(50) DEFAULT NULL,
  `email` varchar(100) DEFAULT NULL,
  `phone` varchar(20) DEFAULT NULL,
  `createdAt` datetime NOT NULL,
  `updatedAt` datetime NOT NULL,
  PRIMARY KEY (`id`),
  KEY `company` (`company`),
  CONSTRAINT `users_ibfk_1` FOREIGN KEY (`company`) REFERENCES `clients` (`id`)
) ENGINE=InnoDB AUTO_INCREMENT=49 DEFAULT CHARSET=utf8mb4 COLLATE=utf8mb4_uca1400_ai_ci;

-- Dumping data for table vibrandstudio2.users: ~40 rows (approximately)
INSERT INTO `users` (`id`, `name`, `password`, `company`, `position`, `email`, `phone`, `createdAt`, `updatedAt`) VALUES
	(1, 'Martine', 'Martine', 1, 'CEO', 'temp@temp.com', '0', '2025-05-12 12:50:45', '2025-05-12 12:50:45'),
	(2, 'Antoinette', 'Antoinette', 1, '..', 'temp@temp.com', '0', '2025-05-12 12:50:45', '2025-05-12 12:50:45'),
	(3, 'Johny', 'Johny', 1, '..', 'temp@temp.com', '0', '2025-05-12 12:50:45', '2025-05-12 12:50:45'),
	(4, 'Vanessa', 'Vanessa', 1, '..', 'temp@temp.com', '0', '2025-05-12 12:50:45', '2025-05-12 12:50:45'),
	(5, 'Mathieu', 'Mathieu', 1, '..', 'temp@temp.com', '0', '2025-05-12 12:50:45', '2025-05-12 12:50:45'),
	(6, 'Jason', 'Jason', 1, '..', 'temp@temp.com', '0', '2025-05-12 12:50:45', '2025-05-12 12:50:45'),
	(7, 'contact_alefia', 'contact_alefia', 2, 'Manager', 'temp@temp.com', '0', '2025-05-12 12:50:45', '2025-05-12 12:50:45'),
	(8, 'contact_alefia_2', 'contact_alefia_2', 2, '..', 'temp@temp.com', '0', '2025-05-12 12:50:45', '2025-05-12 12:50:45'),
	(9, 'contact_alphabet', 'contact_alphabet', 3, 'Manager', 'temp@temp.com', '0', '2025-05-12 12:50:45', '2025-05-12 12:50:45'),
	(10, 'contact_alphabet_2', 'contact_alphabet_2', 3, '..', 'temp@temp.com', '0', '2025-05-12 12:50:45', '2025-05-12 12:50:45'),
	(11, 'contact_alphabet_3', 'contact_alphabet_3', 3, '..', 'temp@temp.com', '0', '2025-05-12 12:50:45', '2025-05-12 12:50:45'),
	(12, 'contact_animation', 'contact_animation', 4, 'Manager', 'temp@temp.com', '0', '2025-05-12 12:50:45', '2025-05-12 12:50:45'),
	(13, 'contact_animation_2', 'contact_animation_2', 4, '..', 'temp@temp.com', '0', '2025-05-12 12:50:45', '2025-05-12 12:50:45'),
	(14, 'contact_astella', 'contact_astella', 5, '..', 'temp@temp.com', '0', '2025-05-12 12:50:45', '2025-05-12 12:50:45'),
	(15, 'contact_barbarsoap', 'contact_barbarsoap', 6, 'Manager', 'temp@temp.com', '0', '2025-05-12 12:50:45', '2025-05-12 12:50:45'),
	(16, 'contact_batrounvillage', 'contact_batrounvillage', 7, '..', 'temp@temp.com', '0', '2025-05-12 12:50:45', '2025-05-12 12:50:45'),
	(17, 'contact_bkerke', 'contact_bkerke', 8, 'Manager', 'temp@temp.com', '0', '2025-05-12 12:50:45', '2025-05-12 12:50:45'),
	(18, 'contact_bkerkejeune', 'contact_bkerkejeune', 9, '..', 'temp@temp.com', '0', '2025-05-12 12:50:45', '2025-05-12 12:50:45'),
	(19, 'contact_buildits', 'contact_buildits', 10, 'Manager', 'temp@temp.com', '0', '2025-05-12 12:50:45', '2025-05-12 12:50:45'),
	(20, 'contact_castiron', 'contact_castiron', 11, '..', 'temp@temp.com', '0', '2025-05-12 12:50:45', '2025-05-12 12:50:45'),
	(21, 'contact_chiacatering', 'contact_chiacatering', 12, 'Manager', 'temp@temp.com', '0', '2025-05-12 12:50:45', '2025-05-12 12:50:45'),
	(22, 'contact_citizen', 'contact_citizen', 13, '..', 'temp@temp.com', '0', '2025-05-12 12:50:45', '2025-05-12 12:50:45'),
	(23, 'contact_crushers', 'contact_crushers', 14, '..', 'temp@temp.com', '0', '2025-05-12 12:50:45', '2025-05-12 12:50:45'),
	(24, 'contact_fabroniacatering', 'contact_fabroniacatering', 15, 'Manager', 'temp@temp.com', '0', '2025-05-12 12:50:45', '2025-05-12 12:50:45'),
	(25, 'contact_fabroniacuisine', 'contact_fabroniacuisine', 16, '..', 'temp@temp.com', '0', '2025-05-12 12:50:45', '2025-05-12 12:50:45'),
	(26, 'contact_hawerwramem', 'contact_hawerwramem', 17, '..', 'temp@temp.com', '0', '2025-05-12 12:50:45', '2025-05-12 12:50:45'),
	(27, 'contact_hiwar', 'contact_hiwar', 18, 'Manager', 'temp@temp.com', '0', '2025-05-12 12:50:45', '2025-05-12 12:50:45'),
	(28, 'contact_hooboor', 'contact_hooboor', 19, '..', 'temp@temp.com', '0', '2025-05-12 12:50:45', '2025-05-12 12:50:45'),
	(29, 'contact_lacazelle', 'contact_lacazelle', 20, 'Manager', 'temp@temp.com', '0', '2025-05-12 12:50:45', '2025-05-12 12:50:45'),
	(30, 'contact_lamar', 'contact_lamar', 21, '..', 'temp@temp.com', '0', '2025-05-12 12:50:45', '2025-05-12 12:50:45'),
	(31, 'contact_lemarche', 'contact_lemarche', 22, '..', 'temp@temp.com', '0', '2025-05-12 12:50:45', '2025-05-12 12:50:45'),
	(32, 'contact_logocyprus', 'contact_logocyprus', 23, 'Manager', 'temp@temp.com', '0', '2025-05-12 12:50:45', '2025-05-12 12:50:45'),
	(33, 'contact_lpc', 'contact_lpc', 24, '..', 'temp@temp.com', '0', '2025-05-12 12:50:45', '2025-05-12 12:50:45'),
	(34, 'contact_maktabra3awiyatlmar2a', 'contact_maktabra3awiyatlmar2a', 25, '..', 'temp@temp.com', '0', '2025-05-12 12:50:45', '2025-05-12 12:50:45'),
	(35, 'contact_example', 'contact_example', 26, 'Manager', 'temp@temp.com', '0', '2025-05-12 12:50:45', '2025-05-12 12:50:45'),
	(36, 'contact_martineicons', 'contact_martineicons', 27, '..', 'temp@temp.com', '0', '2025-05-12 12:50:45', '2025-05-12 12:50:45'),
	(37, 'contact_minalalblelalb', 'contact_minalalblelalb', 28, 'Manager', 'temp@temp.com', '0', '2025-05-12 12:50:45', '2025-05-12 12:50:45'),
	(38, 'contact_paracetamouranimation', 'contact_paracetamouranimation', 29, '..', 'temp@temp.com', '0', '2025-05-12 12:50:45', '2025-05-12 12:50:45'),
	(39, 'contact_polanco', 'contact_polanco', 30, 'Manager', 'temp@temp.com', '0', '2025-05-12 12:50:45', '2025-05-12 12:50:45'),
	(40, 'contact_rays', 'contact_rays', 31, '..', 'temp@temp.com', '0', '2025-05-12 12:50:45', '2025-05-12 12:50:45');

/*!40103 SET TIME_ZONE=IFNULL(@OLD_TIME_ZONE, 'system') */;
/*!40101 SET SQL_MODE=IFNULL(@OLD_SQL_MODE, '') */;
/*!40014 SET FOREIGN_KEY_CHECKS=IFNULL(@OLD_FOREIGN_KEY_CHECKS, 1) */;
/*!40101 SET CHARACTER_SET_CLIENT=@OLD_CHARACTER_SET_CLIENT */;
/*!40111 SET SQL_NOTES=IFNULL(@OLD_SQL_NOTES, 1) */;
